"last_name, first_name","player_id","year","player_age","ab","pa","hit","single","double","triple","home_run","strikeout","walk","k_percent","bb_percent","batting_avg","slg_percent","on_base_percent","on_base_plus_slg","xba","xslg","woba","xwoba","xobp","xiso","avg_swing_speed","fast_swing_rate","blasts_contact","blasts_swing","squared_up_contact","squared_up_swing","avg_swing_length","swords","attack_angle","attack_direction","ideal_angle_rate","vertical_swing_path","exit_velocity_avg","launch_angle_avg","sweet_spot_percent","barrel_batted_rate","hard_hit_percent","avg_best_speed","avg_hyper_speed","whiff_percent","swing_percent"
"Peralta, David",444482,2024,36,236,260,63,44,11,0,8,54,22,20.8,8.5,".267",".415",".335","0.750",".258",".385",".329",".318",".326",".128","71.4",19.3,13.1,9.6,33.1,24.4,"7.2",17,5.9,-1.8,41.7,31,"88.1","8.9",36.8,5.5,42.3,"99.478011319","93.91992022",28.1,50.9
"Blackmon, Charlie",453568,2024,37,449,499,115,74,24,5,12,86,43,17.2,8.6,".256",".412",".329","0.741",".246",".374",".323",".309",".320",".127","67.4",2.4,6.6,5.4,29.3,23.8,"7.1",5,9.6,-5.8,55.7,31.1,"84.8","16.3",34.1,5.3,27.2,"96.083583591","92.106050111",19.2,48
"Maldonado, Martín",455117,2024,37,135,147,16,9,3,0,4,51,8,34.7,5.4,".119",".230",".174","0.404",".157",".287",".181",".221",".210",".130","70.9",10,12.2,8.2,31.1,20.9,"7.6",4,15,-7.6,59.1,30.4,"88","20.1",29.9,8,35.6,"98.499170952","93.412792619",36.1,49.3
"Solano, Donovan",456781,2024,36,283,309,81,60,13,0,8,65,22,21,7.1,".286",".417",".343","0.760",".256",".391",".333",".313",".316",".135","67.1",1.4,8.6,6.6,32,24.8,"7",11,8.6,-1.5,45.4,35,"87.3","13.7",37,3.7,37.4,"98.057695046","93.167454908",23.5,47.2
"McCutchen, Andrew",457705,2024,37,448,515,104,65,18,1,20,133,58,25.8,11.3,".232",".411",".328","0.739",".219",".421",".325",".325",".317",".201","72.7",25.3,14.9,11.1,31.2,23.2,"7.6",11,12.7,-0.2,56.4,33.4,"88.5","14.3",31.9,12,36.9,"99.424962893","93.831123091",28.9,42
"Turner, Justin",457759,2024,39,460,539,119,84,24,0,11,95,59,17.6,10.9,".259",".383",".354","0.737",".251",".394",".327",".333",".351",".143","65.1",0.8,5,4.3,32.5,27.9,"6.3",16,9.3,-0.4,52.3,34.5,"87.1","17.8",40.1,4.6,32.5,"96.702342312","92.434680753",17,45.4
"Santana, Carlos",467793,2024,38,521,594,124,75,26,0,23,99,65,16.7,10.9,".238",".420",".328","0.748",".244",".424",".326",".333",".334",".180","71.8",19.4,13.6,10.7,36.1,28.3,"7.6",8,11.8,-5,63.3,27.1,"89.2","16.1",30.9,7.3,39.9,"99.506124387","94.004167778",23.3,43.3
"Rojas, Miguel",500743,2024,35,307,337,87,60,21,0,6,34,23,10.1,6.8,".283",".410",".337","0.747",".276",".360",".327",".312",".332",".085","67.9",4.2,8.4,7.3,37.2,32.2,"7",9,3.9,-4.5,37.7,31.1,"85","9.7",33.2,2.5,27.8,"96.317826471","92.174445609",13.9,46.5
"Pham, Tommy",502054,2024,36,440,478,109,77,20,3,9,106,35,22.2,7.3,".248",".368",".305","0.673",".260",".413",".297",".321",".317",".154","72.6",21.8,17.9,14.3,36.8,29.3,"6.9",14,7.6,3.2,53.5,27.8,"90.4","11",32.2,7.2,42.7,"101.105935449","94.883209671",22.5,40.5
"Martinez, J.D.",502110,2024,36,434,495,102,61,24,1,16,141,49,28.5,9.9,".235",".406",".320","0.726",".252",".480",".318",".353",".335",".228","73",28.6,14.1,9.9,28.5,20,"8.4",29,12.5,-0.1,49.3,38.7,"91","14.4",39.3,15,46.1,"101.443240544","95.173257041",31.5,48.5
"Goldschmidt, Paul",502671,2024,36,599,654,147,91,33,1,22,173,47,26.5,7.2,".245",".414",".302","0.716",".252",".462",".310",".332",".308",".210","72.5",24.3,18,13.3,33.4,24.8,"7.8",10,11,2,53.3,32,"91.2","13.1",34.3,10.8,49.6,"101.892583709","95.666428146",27.4,47.7
"Altuve, Jose",514888,2024,34,628,682,185,134,31,0,20,119,47,17.4,6.9,".295",".439",".350","0.789",".261",".406",".344",".319",".319",".145","69.4",13,9,7.1,33.2,26.1,"7.8",10,16.5,-4.1,49.4,30.2,"86.5","14.1",35.4,6.5,31.2,"97.323672581","92.693762581",22.1,51.5
"Marte, Starling",516782,2024,35,335,370,90,67,13,3,7,81,27,21.9,7.3,".269",".388",".327","0.715",".285",".438",".313",".342",".342",".153","72.4",25.5,17.7,12.7,34,24.3,"7.3",11,8.3,1.4,47.7,36,"89.8","4.3",37.1,6.9,42.9,"101.20205624","94.944189",28.4,50.2
"d'Arnaud, Travis",518595,2024,35,307,341,73,42,16,0,15,89,24,26.1,7,".238",".436",".302","0.738",".230",".443",".319",".323",".299",".213","71.4",20.7,13.8,9.3,31.1,21.1,"7.8",6,12.8,1.1,57.1,32.3,"89.9","11.6",32.9,10.4,41,"100.537202273","94.672343091",32.8,50.7
"Freeman, Freddie",518692,2024,34,542,638,153,94,35,2,22,100,78,15.7,12.2,".282",".476",".378","0.854",".272",".475",".365",".369",".372",".203","69.8",10.1,12.8,10.4,33.3,27.1,"6.8",10,7.9,1.4,40.3,42.5,"89.4","14.3",43.1,9.1,41.8,"100.349133067","94.527301044",20.2,49.4
"Grandal, Yasmani",518735,2024,35,215,243,49,30,10,0,9,46,24,18.9,9.9,".228",".400",".304","0.704",".241",".430",".308",".327",".317",".190","70.3",8.5,17.9,14.9,42.3,35.3,"7.4",12,10.4,0.1,66,26.5,"91.1","11.1",31.8,9.8,42.8,"100.246108353","94.442007765",20.1,40.9
"Heyward, Jason",518792,2024,34,228,258,48,24,12,2,10,53,22,20.5,8.5,".211",".412",".288","0.700",".232",".354",".300",".293",".308",".122","73.2",27.3,13.7,11,26.7,21.5,"8.2",7,11.2,-8.5,64.3,27.3,"88","10.4",29.8,5.7,41.6,"99.992543146","94.178780339",24,49.6
"LeMahieu, DJ",518934,2024,35,201,228,41,34,5,0,2,35,19,15.4,8.3,".204",".259",".269","0.528",".241",".377",".239",".305",".307",".135","67.3",5.3,11.3,9.5,38.5,32.6,"7.1",9,6.3,8.7,53,27.6,"88.5","1.9",31.8,5.8,37.6,"98.271498488","93.240584302",17.5,44.6
"Rizzo, Anthony",519203,2024,34,337,375,77,57,12,0,8,65,27,17.3,7.2,".228",".335",".301","0.636",".239",".351",".285",".302",".314",".112","68.5",8.1,9.3,7.5,32.1,25.8,"6.8",3,9.4,-4.7,53.4,33.3,"86.7","14.3",31,4,33.2,"97.798203577","92.909990255",19.3,49.1
"Stanton, Giancarlo",519317,2024,34,417,459,97,50,20,0,27,143,38,31.2,8.3,".233",".475",".298","0.773",".243",".520",".330",".354",".309",".278","81.2",98.6,27.5,18.6,29.8,20.2,"8.6",13,8.7,-2.7,60.4,26.2,"94.6","14.7",34.8,20.9,55.3,"108.185328759","99.180033333",34.4,46.8
"Perez, Salvador",521692,2024,34,590,652,160,105,28,0,27,129,44,19.8,6.7,".271",".456",".330","0.786",".271",".530",".335",".361",".331",".259","73.2",33.3,17.6,13,33.6,24.9,"7.9",15,13.7,-6.9,53.6,34.8,"91.1","19",39.4,12.3,44.8,"101.856275647","95.341857371",27.8,57.8
"Flores, Wilmer",527038,2024,32,214,242,44,28,12,0,4,33,20,13.6,8.3,".206",".318",".277","0.595",".220",".356",".262",".292",".296",".137","66",2.1,7.7,6.7,34.2,29.7,"6.9",6,10.7,-6.1,55,31.7,"83.5","21.4",36.6,6,27.6,"95.484386989","91.787573297",13.9,43.9
"Bethancourt, Christian",542194,2024,32,139,147,29,17,7,0,5,36,5,24.5,3.4,".209",".367",".241","0.608",".217",".372",".263",".274",".249",".156","71.9",23.8,12.7,9.1,33.1,23.8,"7.5",9,10.1,-4.5,56,26.8,"89.1","12.4",25.7,7.7,41.9,"100.460386122","94.266459184",31.5,61.4
"Ozuna, Marcell",542303,2024,33,606,688,183,113,31,0,39,170,74,24.7,10.8,".302",".546",".378","0.924",".283",".583",".395",".404",".365",".300","74",42.5,20.3,14,33.9,23.3,"7.4",4,15.4,-2.6,53.2,36.5,"92.1","14.4",40.5,15.5,53.4,"103.338991136","96.489686128",31.4,46.8
"Grossman, Robbie",543257,2024,34,208,245,44,33,8,0,3,58,34,23.7,13.9,".212",".293",".322","0.615",".217",".315",".283",".301",".330",".098","67.5",2.2,7.2,5.6,37.1,28.8,"6.5",8,12.1,-4,49.2,35.1,"86.3","13.3",30.3,3.3,27.6,"96.108367632","92.054845855",22.7,36.3
"Higashioka, Kyle",543309,2024,34,246,263,54,26,10,1,17,74,15,28.1,5.7,".220",".476",".263","0.739",".216",".434",".314",".299",".261",".218","71.8",17.1,13.7,10.7,31.4,24.4,"7.3",12,13.2,-9.3,61.6,32.3,"88.4","20.7",40.2,10.9,37.4,"99.356005116","93.902030409",25.6,46.4
"McCann, James",543510,2024,34,214,233,50,33,9,0,8,56,13,24,5.6,".234",".388",".279","0.667",".241",".424",".288",".315",".292",".183","70.7",10.9,13.6,9.9,31.5,22.9,"6.9",4,10,-1.1,46.1,38.5,"87.4","14.4",38.9,8.8,37.7,"99.207987625","93.644913774",27.6,52.1
"Rendon, Anthony",543685,2024,34,206,238,45,35,10,0,0,35,23,14.7,9.7,".218",".267",".307","0.574",".226",".337",".264",".299",".316",".111","68.3",1.9,9.5,8.4,38.3,34,"6.7",4,8.3,-3.1,51.5,33.4,"87.9","14.1",31.4,2.3,37.1,"97.612997471","92.991806897",12.5,40.1
"Semien, Marcus",543760,2024,33,650,718,154,102,27,2,23,105,64,14.6,8.9,".237",".391",".308","0.699",".251",".406",".306",".320",".321",".155","68.3",4.2,12,9.8,37.5,30.7,"7.7",27,13.3,-6.7,57.4,32,"87.4","17",33,6.6,35.2,"97.806210919","93.005121934",20.2,50
"Springer, George",543807,2024,34,545,614,120,79,19,3,19,115,60,18.7,9.8,".220",".371",".303","0.674",".240",".412",".298",".325",".322",".171","71.9",22.4,15.2,11.7,33,25.4,"7.4",24,10.8,1,52.2,33.8,"87.5","9.4",29.2,9.3,37.4,"99.896868","94.046929394",25.3,49.1
"Vázquez, Christian",543877,2024,33,294,315,65,48,10,0,7,65,11,20.6,3.5,".221",".327",".248","0.575",".231",".361",".250",".272",".261",".130","68.3",2.8,12.4,10,38.7,31.1,"7",4,10.4,-2.6,62.5,27.8,"88.5","16.1",36.1,3.8,36.6,"98.036944138","93.213200991",20.8,51.7
"Vargas, Ildemaro",545121,2024,32,272,303,67,50,16,0,1,31,19,10.2,6.3,".246",".316",".295","0.611",".255",".326",".271",".286",".306",".071","69.6",8.4,8.7,7.7,40.2,35.6,"7.2",3,3.7,-1.3,44.2,24.1,"87","4",29.5,1.2,31.9,"97.073438667","92.579283167",12.6,46.4
"Grichuk, Randal",545341,2024,32,254,279,74,40,20,2,12,46,20,16.5,7.2,".291",".528",".348","0.876",".275",".500",".373",".366",".336",".225","73.7",35.4,18.9,15.2,34.7,27.9,"7.7",10,9.2,-8.3,62.6,28.3,"90.6","17.3",34.3,11,47.6,"102.436633714","95.601048095",20.4,47.3
"Trout, Mike",545361,2024,32,109,126,24,11,1,2,10,27,16,21.4,12.7,".220",".541",".325","0.866",".271",".598",".365",".407",".369",".327","75.7",56.9,14.9,12.2,24,19.7,"7.6",4,8.3,-2.4,50.5,37.2,"89.2","25.2",40.2,17.1,41.5,"101.782849756","94.924062683",20.5,42.5
"Harper, Bryce",547180,2024,31,550,631,157,85,42,0,30,138,76,21.9,12,".285",".525",".373","0.898",".264",".486",".380",".361",".356",".222","74",41,17.4,13.1,28,21,"7.3",13,11.4,-1.1,44.4,36.1,"91.1","13.5",36.1,10.6,48.2,"102.531835097","95.63882949",26.7,52.9
"Abreu, José",547989,2024,37,113,120,14,10,2,0,2,28,4,23.3,3.3,".124",".195",".167","0.362",".161",".244",".164",".201",".202",".083","73.1",31.4,11.1,8.2,29.1,21.4,"7.1",2,3.8,4.3,34.6,31.9,"87.8","6.7",26.7,2.4,33.7,"98.240018605","93.123486279",29.7,51.2
"Díaz, Elias",553869,2024,33,325,351,86,60,20,0,6,69,20,19.7,5.7,".265",".382",".313","0.695",".237",".342",".303",".281",".289",".105","73.9",41.4,13.9,10.4,26.2,19.6,"7",11,5,-3,45.4,28.6,"87.1","7.6",31,4.7,34.5,"99.032119063","93.543152344",27.8,53.8
"Suárez, Eugenio",553993,2024,32,571,640,146,86,28,2,30,176,49,27.5,7.7,".256",".469",".319","0.788",".246",".463",".337",".335",".313",".217","72.2",21.5,15,10.8,30.7,22.2,"7.8",34,17.5,-3.8,50.2,38.6,"89.1","19.5",40.4,11.4,42.4,"100.570552315","94.463438988",29.1,47.2
"Urshela, Gio",570482,2024,32,432,461,108,79,19,1,9,72,23,15.6,5,".250",".361",".286","0.647",".262",".400",".281",".307",".301",".138","68.2",4.1,9.1,7.4,35.7,28.9,"7.1",10,9.2,5.1,49.2,35,"86.4","10.5",38.6,5,28.4,"96.696776409","92.394270526",20.3,54.6
"Arenado, Nolan",571448,2024,33,578,635,157,118,23,0,16,92,44,14.5,6.9,".272",".394",".325","0.719",".253",".361",".314",".299",".311",".108","70.7",12.8,9.2,7.8,32.3,27.6,"8.2",29,11.3,-7.4,55.8,33.3,"86.3","16.9",35.9,3.3,31.6,"96.924147927","92.483246402",17.2,46.8
"Farmer, Kyle",571657,2024,33,215,242,46,27,13,1,5,49,19,20.2,7.9,".214",".353",".293","0.646",".223",".371",".285",".297",".302",".148","66.7",1.7,8.7,7,38,30.4,"6.8",7,12.3,-2.6,46.2,31.3,"87.7","17.9",36.3,5.4,29.8,"97.025598571","92.547452202",22,48.5
"Haniger, Mitch",571745,2024,33,380,423,79,55,12,0,12,126,40,29.8,9.5,".208",".334",".286","0.620",".214",".380",".277",".298",".293",".166","72.9",26.1,16.5,11.5,34.8,24.2,"7.1",22,14.7,-0.8,55.1,32.4,"90.6","13.7",31,9.1,45.9,"101.021551732","95.105264331",32.3,44
"Hernández, Enrique",571771,2024,32,362,393,83,55,16,0,12,77,27,19.6,6.9,".229",".373",".281","0.654",".230",".375",".285",".289",".284",".145","71.7",19.4,11.5,9,34,26.5,"7.4",6,7.6,-1.9,49,28.3,"89.6","17.1",36,4.8,41.5,"99.326670699","93.89398972",22.9,48.9
"Maile, Luke",571912,2024,33,135,154,24,18,4,0,2,52,13,33.8,8.4,".178",".252",".268","0.520",".176",".257",".241",".244",".267",".082","67.7",1.3,5.3,3.9,27.6,20.3,"6.7",7,14.5,-2.7,54.1,34.1,"84.7","11.3",37.6,3.5,24.7,"95.22202881","91.660711687",28.8,45.2
"Muncy, Max",571970,2024,33,237,293,55,23,17,0,15,77,45,26.3,15.4,".232",".494",".358","0.852",".228",".461",".362",".353",".357",".233","71.3",14.9,14.3,10,33.5,23.5,"7.2",4,18.2,-4.9,44.4,35,"90.2","26.6",32.5,10.9,43.4,"100.775015181","94.752278735",31,40.6
"Singleton, Jon",572138,2024,32,355,405,83,56,13,1,13,111,47,27.4,11.6,".234",".386",".321","0.707",".226",".390",".312",".314",".316",".165","72.1",24.2,14.4,10.3,35.4,25.2,"7.1",12,11,-11.5,58.6,30,"88.7","12.8",34.8,8.9,37.2,"99.784248293","93.99841",30.1,40.7
"Taylor, Michael A.",572191,2024,33,269,300,52,37,9,1,5,105,23,35,7.7,".193",".290",".253","0.543",".200",".337",".242",".270",".263",".136","74",40.9,14.7,9.3,28.3,17.9,"7.2",20,14.3,0.1,48.3,31.3,"89.3","13.7",31.4,11.7,40.1,"100.583164074","94.548357778",39.2,49.3
"Walker, Christian",572233,2024,33,479,552,120,68,26,0,26,133,55,24.1,10,".251",".468",".335","0.803",".243",".470",".343",".354",".335",".228","75",52.7,15.8,12.2,26.1,20.2,"7.5",32,8.7,-3.7,46.9,30.3,"91.2","16.6",35,13.3,48,"103.127969548","96.011102521",25.6,48
"Carpenter, Matt",572761,2024,38,137,157,32,21,7,0,4,51,15,32.5,9.6,".234",".372",".314","0.686",".212",".357",".303",".290",".297",".146","69.3",3.5,8.9,6.5,27.4,20,"8.1",4,16.2,-4,57,37.6,"85.8","24.2",46.6,7,28.7,"96.566800238","92.292438452",28.9,42.5
"Yastrzemski, Mike",573262,2024,33,428,474,99,56,16,9,18,124,38,26.2,8,".231",".437",".302","0.739",".217",".406",".319",".304",".289",".189","70.9",5.5,14.2,10.7,35.8,26.9,"7.6",11,12.4,-1.6,66.2,31.2,"90.4","19.1",33,10.5,41,"99.5562712","94.186783411",26.1,44.1
"Contreras, Willson",575929,2024,32,301,358,79,47,17,0,15,96,45,26.8,12.6,".262",".468",".380","0.848",".256",".461",".370",".367",".374",".205","75.9",61.6,18.8,12.5,27.9,18.6,"7.9",13,9.9,-1.6,50.3,31.5,"91.6","14.2",32.7,11.2,46.8,"103.712134757","96.17214078",35,49.8
"Iglesias, Jose",578428,2024,34,270,291,91,70,16,1,4,39,12,13.4,4.1,".337",".448",".381","0.829",".284",".370",".362",".316",".334",".086","69.8",9.2,8.4,7.2,33,28.5,"6.8",7,5.5,-1.5,42.3,31.8,"85.8","9",36.2,2.2,30.6,"96.964592759","92.513387672",15.2,52.5
"Bryant, Kris",592178,2024,32,133,155,29,22,5,0,2,48,13,31,8.4,".218",".301",".323","0.624",".210",".319",".287",".292",".316",".109","69.5",2.7,10.3,6.8,27.4,18.3,"7.9",3,16.1,-4,53.4,37.8,"85.1","18.5",39.5,4.7,30.2,"96.785346744","92.39417314",36.9,47.7
"Canha, Mark",592192,2024,35,393,462,95,68,20,0,7,96,51,20.8,11,".242",".346",".344","0.690",".211",".314",".310",".293",".321",".103","68.4",4,10.6,8.4,36.5,29.1,"7.2",14,10.9,1.4,60.8,31.8,"88.4","9.6",31.5,3.3,37.4,"98.159166424","93.219326921",21.8,41.6
"Casali, Curt",592200,2024,35,108,125,21,17,3,0,1,22,13,17.6,10.4,".194",".250",".293","0.543",".208",".288",".254",".274",".305",".079","66.8",1.2,2.8,2.3,33.6,27.7,"7.3",7,12.3,-4.8,54.3,34.7,"83","20",34.1,1.1,17,"92.639693256","90.480278353",19.4,43.3
"Castellanos, Nick",592206,2024,32,606,659,154,97,30,4,23,139,41,21.1,6.2,".254",".431",".311","0.742",".268",".454",".321",".337",".324",".186","71.9",22.8,12.4,8.7,33.3,23.5,"7.6",12,12.7,-5.2,47.2,38.9,"88.4","15.2",39,8.1,38.2,"99.266703034","93.738511581",30.1,58
"Drury, Brandon",592273,2024,31,325,360,55,44,7,0,4,81,27,22.5,7.5,".169",".228",".242","0.470",".201",".295",".217",".264",".275",".094","72.6",23.1,12,9.6,28.1,22.6,"7.4",16,8,2.8,55.9,31.6,"87.6","6",25.9,3.7,35.6,"99.062132195","93.550623821",24.4,46.7
"Judge, Aaron",592450,2024,32,559,704,180,85,36,1,58,171,133,24.3,18.9,".322",".701",".458","1.159",".304",".739",".476",".480",".445",".435","77.1",74.8,25.8,18.4,33.8,24.2,"8.2",14,14.4,-4.5,51.3,39.8,"96.2","19",40.8,27.1,61,"107.20043567","99.103701521",30.7,42
"Machado, Manny",592518,2024,31,593,643,163,104,30,0,29,124,45,19.3,7,".275",".472",".325","0.797",".266",".467",".340",".340",".320",".202","75.2",52.6,20.8,16.4,31.9,25.1,"7.8",23,6.8,-0.2,54.3,25.6,"92.5","12.7",33.8,11,48.8,"103.370494128","96.17209183",24.4,51.6
"Pederson, Joc",592626,2024,32,367,449,101,60,17,1,23,105,55,23.4,12.2,".275",".515",".393","0.908",".259",".486",".391",".378",".381",".227","73.4",37.3,16,12.3,29.1,22.3,"7.7",10,10,-5.1,53.9,31.3,"92.3","16.9",34.2,13,46.2,"102.648599462","95.864061892",25,44
"Realmuto, J.T.",592663,2024,33,380,413,101,68,18,1,14,102,27,24.7,6.5,".266",".429",".322","0.751",".264",".466",".326",".340",".320",".202","73.2",35.7,16.8,12.8,29.6,22.5,"7.6",8,13.2,1.6,52.2,35.2,"89.2","9.4",36.9,10.4,46.6,"101.248653813","94.909982842",26.2,50.5
"Renfroe, Hunter",592669,2024,32,385,424,88,55,18,0,15,84,36,19.8,8.5,".229",".392",".297","0.689",".219",".369",".302",".294",".289",".149","75.2",52.8,15.7,12.4,29.8,23.5,"7.6",8,9.1,-9.9,66.2,25.7,"88.5","16.7",27.8,6.6,39.4,"100.265103311","94.256549636",23.4,44.4
"Rosario, Eddie",592696,2024,32,297,319,52,30,12,0,10,77,16,24.1,5,".175",".316",".215","0.531",".211",".353",".230",".264",".250",".142","70.3",7.3,13,9.7,39.4,29.2,"7.2",4,12.4,-1.3,60.5,31.8,"91","14.3",27.9,5.3,42.5,"99.203116161","94.098201031",27.5,52.9
"Yelich, Christian",592885,2024,32,270,315,85,59,12,3,11,58,40,18.4,12.7,".315",".504",".406","0.910",".287",".473",".391",".373",".382",".186","73.2",34.5,17.9,13.9,33.1,25.8,"7.5",9,10.5,2.7,44,35.2,"91.1","5.2",32.2,7.9,46.7,"103.017733429","96.008981238",23.1,45.7
"Merrifield, Whit",593160,2024,35,293,335,65,49,9,3,4,52,35,15.5,10.4,".222",".314",".311","0.625",".242",".323",".283",".300",".330",".081","63.4",0.2,4.2,3.4,32.1,26.1,"6.9",7,10.1,0.1,47.6,35.1,"84.1","12.9",34.3,2.5,21.6,"94.385287083","91.220749372",18.7,45.4
"Bogaerts, Xander",593428,2024,31,428,463,113,86,15,1,11,79,28,17.1,6,".264",".381",".307","0.688",".260",".386",".300",".308",".306",".126","70.7",15.3,12.9,10.7,37,30.8,"7.2",9,10.2,-2.8,53.9,31.6,"88.1","10.9",32.1,5.1,33.2,"98.125304802","93.133969802",18.3,44.2
"Polanco, Jorge",593871,2024,30,417,469,89,62,11,0,16,137,46,29.2,9.8,".213",".355",".296","0.651",".224",".406",".287",".310",".306",".182","69.7",7.9,12,8.8,32,23.6,"7.2",17,13.7,-7.5,47.1,36.9,"88.3","17.9",35.8,8.9,37.2,"99.204331655","93.735130216",28.1,44.8
"Duvall, Adam",594807,2024,35,303,330,55,34,10,0,11,99,21,30,6.4,".182",".323",".245","0.568",".195",".392",".252",".284",".258",".198","72.4",23.1,13.6,9.9,26.7,19.5,"7.6",3,15.6,-9.9,58.3,31.9,"86.9","22.2",27.8,10.7,36.6,"99.791319515","93.950920683",27.7,49
"Kiermaier, Kevin",595281,2024,34,259,281,51,34,9,3,5,86,12,30.6,4.3,".197",".313",".237","0.550",".195",".284",".241",".237",".237",".089","70.4",11.3,12.6,8,35.2,22.4,"7.1",7,5.5,-0.7,40.9,30.7,"86.4","7.3",27.6,3.9,30,"97.683193765","92.874723706",37.5,54.9
"Profar, Jurickson",595777,2024,31,564,668,158,105,29,0,24,101,76,15.1,11.4,".280",".459",".380","0.839",".279",".451",".365",".366",".381",".171","71.7",22.7,12.9,10.8,32.4,27.1,"7.3",12,8.9,-3,50.4,32.5,"91.1","13.4",31.3,7.2,44.4,"100.952441293","94.862553707",17,45.6
"Báez, Javier",595879,2024,31,272,289,50,32,12,0,6,69,12,23.9,4.2,".184",".294",".221","0.515",".218",".353",".224",".268",".256",".135","74.8",49.4,17.4,12.4,29.9,21.3,"8.6",8,11.3,-6.7,57.4,30.5,"88.3","11.2",27.7,7.8,40,"100.532651165","94.368542976",30.2,52.4
"Cave, Jake",595909,2024,31,323,346,81,53,16,5,7,98,18,28.3,5.2,".251",".396",".290","0.686",".234",".362",".295",".281",".275",".129","69.5",7.2,9.4,6.9,30.6,22.3,"7",17,11.5,3.4,44.5,35.8,"87.5","7.5",35.8,5.3,37.1,"98.314485398","93.366757022",28.2,52.6
"Hedges, Austin",595978,2024,31,132,146,20,15,3,0,2,50,6,34.2,4.1,".152",".220",".203","0.423",".128",".188",".191",".171",".181",".061","69.8",5,6.5,4.5,32,22.2,"7.4",5,14,-7.7,62.4,28.4,"84.8","21.4",24.1,1.1,24.1,"94.678255122","91.400617284",32.9,54.5
"Lindor, Francisco",596019,2024,30,618,689,169,96,39,1,33,127,56,18.4,8.1,".273",".500",".344","0.844",".278",".539",".363",".381",".349",".260","72.4",23.6,18.2,14,37.3,28.7,"7.6",13,13,-1.5,56,34.2,"90.9","17",35.4,13.6,47.4,"101.098117236","95.07615815",23.7,48.7
"Slater, Austin",596103,2024,31,177,212,37,31,4,0,2,60,26,28.3,12.3,".209",".266",".321","0.587",".231",".326",".273",".307",".341",".095","71.9",20.7,10.4,7.4,29.7,21.1,"6.8",4,11.9,9.1,45.2,38.8,"88.2","7.2",37.2,3.3,37.2,"98.373260169","93.491320256",29.8,43
"Story, Trevor",596115,2024,31,94,106,24,15,7,0,2,33,11,31.1,10.4,".255",".394",".340","0.734",".193",".301",".318",".259",".284",".109","68.8",8.1,10.5,7.3,23.3,16.1,"7.2",2,9.1,-1.3,54.8,29.5,"86.1","18.6",37.7,6.6,29.5,"96.376017419","92.31155377",30.3,52.3
"Stubbs, Garrett",596117,2024,31,164,187,34,28,4,1,1,50,17,26.7,9.1,".207",".262",".296","0.558",".192",".240",".258",".249",".283",".049","66.6",1.6,1.7,1.3,23.4,18,"7.1",6,11.1,-8.5,53.9,28.3,"79.7","19.4",40.9,0,9.6,"90.095995","89.651776916",24.9,49.6
"Sánchez, Gary",596142,2024,31,245,280,54,35,7,1,11,76,27,27.1,9.6,".220",".392",".307","0.699",".218",".415",".307",".315",".305",".197","73.1",31.8,15.8,11.4,35.1,25.4,"7.4",13,11.8,-7.2,60.9,30,"90","16.2",31.4,10.5,44.2,"101.892350698","95.129594012",30.4,40.7
"Kepler, Max",596146,2024,31,368,399,93,63,21,1,8,80,22,20.1,5.5,".253",".380",".302","0.682",".243",".384",".298",".302",".298",".140","71.4",19.4,13.7,10.7,32.8,25.5,"7.5",15,7.1,-8.8,44.1,31.1,"88.9","16.8",35.4,6.2,36.8,"99.569991319","93.867541875",24.4,52.3
"Candelario, Jeimer",600869,2024,30,427,463,96,51,23,2,20,114,27,24.6,5.8,".225",".429",".279","0.708",".220",".375",".304",".285",".274",".156","68.4",5,9.9,7.2,34.4,24.8,"7.8",19,13.9,-5.6,52.3,34.5,"86.9","12.4",33.9,8.3,34.5,"97.855535823","92.968221397",29.1,51.7
"Urías, Ramón",602104,2024,30,272,301,69,47,9,2,11,55,23,18.3,7.6,".254",".423",".322","0.745",".245",".437",".325",".331",".317",".191","70.5",12.4,14.2,10.6,34.6,25.7,"7.5",4,11,3.1,65.2,24.9,"88.3","12.8",32.6,8.7,38.5,"98.830197431","93.627220321",26.8,49.6
"Ahmed, Nick",605113,2024,34,210,228,48,39,6,1,2,51,11,22.4,4.8,".229",".295",".267","0.562",".226",".327",".248",".265",".265",".101","67.9",0.5,5.2,3.8,30.5,22.5,"7.3",5,13.9,-2.8,60.5,28.6,"84.9","13.4",29.7,3,23,"95.399118608","91.729839045",26,54.8
"Barnes, Austin",605131,2024,34,140,156,37,33,3,0,1,36,14,23.1,9,".264",".307",".331","0.638",".227",".298",".289",".275",".297",".071","68.2",2.2,8.3,6.5,32.6,25.5,"6.4",9,4.5,1.1,41.6,26.6,"86.3","9.5",30.2,1.9,31.1,"96.963688654","92.484081538",22.8,47.4
"Bell, Josh",605137,2024,31,538,603,134,90,23,2,19,120,51,19.9,8.5,".249",".405",".319","0.724",".233",".402",".317",".312",".306",".169","70.4",15,15.4,11.6,36.1,27.3,"7.9",15,9.2,1.3,53.5,35.1,"88.9","10.5",31.4,7.7,40.1,"100.078711292","94.16958744",26.8,48.8
"Betts, Mookie",605141,2024,31,450,516,130,82,24,5,19,57,61,11,11.8,".289",".491",".372","0.863",".282",".468",".371",".364",".368",".187","69",9.6,11.8,10.3,42.5,37.3,"6.9",19,8.9,-4.2,52.8,34,"89.9","21.4",39.3,6,39.5,"98.50877402","93.575257103",14.9,40.4
"Caratini, Victor",605170,2024,30,245,274,66,49,8,1,8,53,23,19.3,8.4,".269",".408",".336","0.744",".261",".404",".324",".326",".331",".143","71.9",23.5,15.3,12.1,38.7,30.6,"7",6,9.4,-1.1,47.9,35.8,"91.2","9.3",35.9,5.6,43.1,"100.532909694","94.888518923",23.3,47.2
"Davis, J.D.",605204,2024,31,142,157,31,22,5,0,4,39,12,24.8,7.6,".218",".338",".293","0.631",".210",".366",".282",".290",".286",".156","72.5",18.1,16.3,10.9,33.1,22.3,"7.3",6,7.3,11.5,53.4,31.4,"89.1","2.8",24.3,8.8,43.7,"101.438864902","94.978441569",34.8,51.4
"Martini, Nick",605361,2024,34,146,163,31,20,4,2,5,38,9,23.3,5.5,".212",".370",".272","0.642",".213",".345",".279",".280",".277",".132","69.8",6.8,9.8,7.6,32.5,25.2,"6.9",8,11.3,-2.7,57.6,29.6,"87.4","14.9",32.4,7.2,34.2,"98.233857857","93.416418378",24.8,49.6
"Arcia, Orlando",606115,2024,29,551,602,120,79,24,0,17,128,41,21.3,6.8,".218",".354",".271","0.625",".204",".332",".273",".266",".261",".128","70.9",13.5,12.3,9.3,34.2,25.8,"7.9",25,8.4,-3,62.7,25.4,"88.2","8.6",29.9,5.3,37.8,"98.41985743","93.283896472",26.6,49.1
"Hernández, Teoscar",606192,2024,31,589,652,160,93,32,2,33,188,53,28.8,8.1,".272",".501",".339","0.840",".245",".493",".360",".347",".316",".248","73.2",31.7,18.5,12.5,29.6,19.9,"7.8",29,9.1,0.9,51.5,32.7,"90.6","10.3",33.8,15,46.8,"102.727395423","95.689116559",34,51.2
"Marte, Ketel",606466,2024,30,504,583,147,86,23,2,36,106,65,18.2,11.1,".292",".560",".372","0.932",".289",".545",".391",".394",".374",".256","73.7",40.6,20.3,16.2,38.1,30.5,"7.6",6,9.1,-4.9,53.6,33.7,"94","9.4",33.7,12.3,53.8,"103.991137178","96.920444406",21.3,48.2
"Nimmo, Brandon",607043,2024,31,571,663,128,77,25,3,23,158,77,23.8,11.6,".224",".399",".327","0.726",".241",".417",".321",".338",".344",".176","73.3",34.8,15.5,12.1,30.9,24.2,"7.3",15,6.6,-0.3,50.6,29.2,"91.9","11.2",33.7,9.2,47.4,"101.264982933","95.221659687",23.4,44.8
"Turner, Trea",607208,2024,31,505,539,149,103,25,0,21,98,27,18.2,5,".295",".469",".338","0.807",".263",".430",".349",".323",".307",".167","71.6",17.1,13.4,10.1,34.1,25.6,"7.6",15,11,-5.4,61.4,29,"89.1","11.5",30.9,6.9,40.7,"99.706063382","94.073107543",26.1,53.7
"Pillar, Kevin",607680,2024,35,284,314,65,40,16,1,8,69,16,22,5.1,".229",".377",".291","0.668",".219",".335",".293",".279",".284",".115","69.4",5.7,8.7,7,27.8,22.2,"7.6",28,11.5,-8.4,58.1,32.5,"84.6","17.9",36.5,3.7,29.7,"96.438782936","92.245806101",24.5,52.4
"Stallings, Jacob",607732,2024,34,243,281,64,37,17,1,9,65,27,23.1,9.6,".263",".453",".357","0.810",".231",".389",".353",".321",".330",".159","67.6",1.2,10.5,7.7,36.3,26.6,"7.2",9,12.5,-0.2,50.8,32.2,"86.6","12.8",38.9,7.3,34.4,"97.816675843","92.986677006",29.8,45.4
"Ramírez, José",608070,2024,31,620,682,173,93,39,2,39,82,54,12,7.9,".279",".537",".335","0.872",".256",".467",".364",".333",".317",".210","71.6",18.9,14.2,12.4,32.6,28.5,"7.3",17,9.9,-9.6,63.8,30.7,"89.2","19.6",34,8.6,39.7,"99.642954081","93.982319614",15.2,49.4
"Bregman, Alex",608324,2024,30,581,634,151,93,30,2,26,86,44,13.6,6.9,".260",".453",".315","0.768",".255",".434",".331",".325",".313",".179","71.3",11.9,13.3,11.8,37.8,33.7,"7",7,12.2,-2.9,68.7,28.5,"89.1","18.2",34.9,6.5,40.5,"98.986527952","93.684160984",12.8,44.9
"Gallo, Joey",608336,2024,30,223,260,36,17,9,0,10,102,32,39.2,12.3,".161",".336",".277","0.613",".171",".359",".276",".288",".285",".188","72.4",22.8,13.6,8.3,32.9,20,"7.3",2,16.9,-11.5,51,31.6,"90.5","26.1",32.8,13.1,43.4,"100.325545574","94.605556281",39.6,45.3
"Kelly, Carson",608348,2024,29,281,313,67,48,9,1,9,55,25,17.6,8,".238",".374",".313","0.687",".233",".410",".304",".318",".310",".177","69.5",5.9,13,10.1,37.7,29.3,"6.9",3,12.2,-2.5,52.5,33,"87.6","13.6",27.3,6.6,39.4,"98.979228142","93.591084867",22.8,45.5
"Seager, Corey",608369,2024,30,475,533,132,81,21,0,30,96,53,18,9.9,".278",".512",".353","0.865",".280",".573",".365",".391",".356",".293","72.3",20.9,19.5,15.2,33.3,26.1,"6.6",14,12.3,-0.7,51.3,34,"92.1","13.5",38.6,15.3,50.7,"103.274395474","96.157523456",23.4,53
"Winker, Jesse",608385,2024,30,430,508,109,72,23,0,14,106,63,20.9,12.4,".253",".405",".360","0.765",".243",".388",".338",".330",".351",".145","69.5",7.4,11.3,9.4,32.3,26.7,"7.3",18,12.2,7.6,59.7,35.3,"88.6","14",30.1,7.6,37.4,"98.91091179","93.570274815",19.6,43.2
"Jankowski, Travis",608671,2024,33,190,207,38,32,5,0,1,44,12,21.3,5.8,".200",".242",".266","0.508",".207",".256",".234",".245",".272",".049","67",1.9,5.2,4.2,33.3,26.8,"6.5",7,-1.1,-6.2,23.5,35.1,"85.4","5.9",25.3,0.7,24.7,"95.346098056","91.700885874",20.7,44.8
"Refsnyder, Rob",608701,2024,33,272,307,77,49,16,1,11,78,28,25.4,9.1,".283",".471",".359","0.830",".248",".417",".358",".327",".329",".168","72.8",28,17.4,13.1,31.3,23.5,"7.6",10,12.1,2.5,60.2,33.2,"89.6","10.7",32.8,9.8,43.1,"101.623071856","95.034267165",28.1,46.2
"Meneses, Joey",608841,2024,32,281,313,65,51,11,0,3,63,21,20.1,6.7,".231",".302",".291","0.593",".221",".341",".264",".283",".287",".120","70.4",11.8,11.8,9.4,34.4,27.4,"7",8,8.2,-0.9,51.2,33.1,"88.9","8.3",30.8,4.5,39.3,"99.265454911","93.867431839",22.9,50.8
"Andujar, Miguel",609280,2024,29,302,319,86,67,14,1,4,42,13,13.2,4.1,".285",".377",".320","0.697",".257",".344",".306",".287",".294",".087","71.6",22.2,11.6,9.9,31,26.6,"7.6",8,5.8,-3,57.6,25.7,"86.1","9.2",26.1,2.7,33.7,"97.864980763","92.955361494",16,50.4
"Torrens, Luis",620443,2024,28,118,130,27,16,8,0,3,28,9,21.5,6.9,".229",".373",".292","0.665",".260",".411",".292",".324",".323",".151","71.4",10.4,11.2,9,32.3,25.9,"7.3",2,11.4,0.3,62.7,29.8,"89.6","13.1",36.3,6.6,46.2,"99.143395652","93.972417033",21.9,46.5
"Swanson, Dansby",621020,2024,30,534,593,129,84,27,2,16,144,54,24.3,9.1,".242",".390",".312","0.702",".241",".423",".307",".324",".313",".181","71.7",12.8,15.4,11.3,33.4,24.4,"7.4",22,14.8,0.2,55.9,35.2,"89.4","10.4",32.6,9.2,42.7,"100.210263655","94.404024529",28.7,48.7
"Newman, Kevin",621028,2024,30,288,311,80,59,17,1,3,48,15,15.4,4.8,".278",".375",".311","0.686",".257",".326",".298",".275",".292",".069","67.6",2.6,6.2,5.3,38.7,33,"6.7",11,5.8,-0.1,44.6,32.3,"85.6","9.7",25,1.6,23.4,"95.24854438","91.64158444",17.3,49.2
"Taylor, Chris",621035,2024,33,213,246,43,31,7,1,4,76,28,30.9,11.4,".202",".300",".298","0.598",".216",".345",".272",".297",".311",".129","70",7.3,7.7,5.6,26.6,19.2,"7.2",13,11.9,1.1,47.4,39.3,"85.9","16.9",42.9,7.1,28.6,"97.10671942","92.58514587",31.3,47.7
"Correa, Carlos",621043,2024,29,319,367,99,63,20,2,14,61,40,16.6,10.9,".310",".517",".388","0.905",".271",".458",".385",".358",".357",".188","74.5",45.5,20,16.2,32.3,26.2,"7.3",4,7,-1.8,45.3,30.6,"90.3","8.9",34.4,9.2,44.7,"102.536128244","95.462669198",20.4,44.6
"Taylor, Tyrone",621438,2024,30,319,345,79,47,22,3,7,80,19,23.2,5.5,".248",".401",".299","0.700",".246",".400",".304",".305",".298",".153","70.5",6.8,14.2,11.3,33.9,27.1,"7.6",8,11.1,-7,57,35.4,"87.3","16.8",34.9,7.1,35.3,"99.355167983","93.783487975",22.2,49.4
"Buxton, Byron",621439,2024,30,355,388,99,51,27,3,18,99,20,25.5,5.2,".279",".524",".335","0.859",".260",".511",".366",".355",".318",".251","74.3",41.8,16.7,11.7,31.5,22,"8.1",12,14.3,-10.1,56.5,34,"91.7","19.8",39.5,13.2,48.1,"102.451274806","95.815194845",32.1,54
"Stewart, DJ",621466,2024,30,158,194,28,19,4,0,5,48,31,24.7,16,".177",".297",".325","0.622",".210",".358",".290",".330",".355",".148","71.5",19.2,16.1,11.4,35,24.7,"7.1",2,10.2,-3.1,63.1,25.4,"89.7","19.1",34.2,8.2,39.6,"100.346718909","94.280565091",30,40.9
"Ward, Taylor",621493,2024,30,585,663,144,91,26,2,25,163,63,24.6,9.5,".246",".426",".323","0.749",".246",".466",".325",".345",".326",".220","69.8",8.4,14.8,11.4,38.4,29.6,"7.1",23,9.4,0,51.4,31.4,"90.9","17.4",41.9,13.1,42.4,"100.017751581","94.464585641",25.5,43.2
"Nido, Tomás",621512,2024,30,130,140,25,17,4,0,4,35,5,25,3.6,".192",".315",".219","0.534",".214",".428",".231",".289",".243",".215","70.8",5.7,14.1,9.5,38.4,26,"8",1,15.4,2.6,56.5,32.7,"89.8","14.1",36,12,44,"99.686948542","94.248211563",35.9,60.5
"Wisdom, Patrick",621550,2024,32,158,174,27,10,7,2,8,59,10,33.9,5.7,".171",".392",".237","0.629",".183",".436",".271",".294",".249",".253","75.4",56.2,14.7,10.4,27.5,19.5,"7.9",9,14.3,-7.3,64.3,31.1,"90.9","28",23.8,16,48.5,"102.1496362","95.721041717",31.4,49.1
"Olson, Matt",621566,2024,30,600,685,148,81,37,1,29,170,71,24.8,10.4,".247",".457",".333","0.790",".242",".454",".339",".342",".331",".212","73.8",38.7,15.1,11.1,26.5,19.5,"7.3",11,8.4,-1.6,44.5,34.1,"91.5","16.1",35.4,12.5,47.4,"102.726279537","95.899543218",26.3,49.7
"Margot, Manuel",622534,2024,29,315,343,75,53,17,1,4,54,21,15.7,6.1,".238",".337",".289","0.626",".258",".385",".276",".310",".311",".126","72",19.9,13.8,11.1,31.2,25.1,"7.3",5,6.2,-1.1,48.6,27.8,"88.2","13.8",30.9,4.9,33.6,"98.859258923","93.482249961",20.6,49.5
"Mateo, Jorge",622761,2024,29,192,208,44,23,14,2,5,48,10,23.1,4.8,".229",".401",".267","0.668",".227",".351",".286",".278",".270",".125","72.5",22.1,14,10.9,28.7,22.3,"7.8",0,5.9,-6.4,45.8,30,"88.1","14.1",30.2,4.1,34.9,"99.943727778","94.060455208",23.1,51.7
"Ramírez, Harold",623912,2024,29,238,246,62,52,7,1,2,50,5,20.3,2,".261",".324",".280","0.604",".235",".318",".265",".256",".257",".083","71.7",28.3,11.6,8.2,36.1,25.5,"7.3",5,0.8,1.2,24.2,35.3,"87","-0.2",27.5,3.2,33.9,"98.279194301","93.19999086",31.4,56.2
"Santander, Anthony",623993,2024,29,595,665,140,69,25,2,44,129,58,19.4,8.7,".235",".506",".308","0.814",".225",".458",".345",".327",".301",".234","73.1",33.8,13.9,11.2,27.7,22.3,"7.2",5,7.7,-7.2,50.7,26.5,"89.8","22.7",35,11.7,41.6,"100.325476894","94.357156511",20,49.7
"Alonso, Pete",624413,2024,29,608,695,146,81,31,0,34,172,70,24.7,10.1,".240",".459",".329","0.788",".239",".470",".340",".345",".329",".232","75.2",51.8,18.6,14.3,29.6,22.8,"7.3",19,9.8,-2.9,56.3,31.7,"89.8","14.4",30.5,13.2,46.4,"102.785114727","95.699086105",24.7,42.9
"Biggio, Cavan",624415,2024,29,188,224,37,27,5,0,5,72,24,32.1,10.7,".197",".303",".314","0.617",".179",".245",".285",".260",".299",".066","66.9",3.3,2.3,1.8,24.9,19.6,"6.9",10,11.3,-3.9,48.7,37.2,"82","21.2",37.3,2.5,16.9,"92.815215439","90.564125877",23.8,38.2
"Conforto, Michael",624424,2024,31,438,488,104,54,27,3,20,118,42,24.2,8.6,".237",".450",".309","0.759",".254",".488",".327",".353",".326",".235","74.1",42.9,17.5,13.4,33,25.3,"7.4",5,12.4,-0.4,53.6,32,"90.2","14.8",33.7,11.9,46,"101.95530559","95.249550592",25.2,44.8
"Frazier, Adam",624428,2024,32,262,294,53,38,10,1,4,59,22,20.1,7.5,".202",".294",".282","0.576",".237",".323",".261",".290",".313",".087","66.5",1.2,4.8,3.9,30.5,25.1,"6.9",11,10.5,-0.8,45.2,37.5,"84.5","15.3",37.9,2.9,22.8,"95.005808416","91.560763134",18.8,47
"Trevino, Jose",624431,2024,31,209,234,45,32,5,0,8,41,20,17.5,8.5,".215",".354",".288","0.642",".200",".316",".284",".269",".276",".115","68.9",3.7,11.8,9.8,41.1,34,"7",2,8.2,-1.7,70.7,21.9,"88.1","9.9",26.9,5.3,35.1,"97.968179176","93.099578353",18.7,40.5
"Gordon, Nick",624503,2024,28,260,275,59,39,11,1,8,67,11,24.4,4,".227",".369",".258","0.627",".217",".355",".271",".267",".251",".137","68.2",3.6,9,6.2,32.9,22.8,"7.3",11,9.6,2.5,45.9,33.9,"86.1","6.5",34.7,6.2,29.6,"96.567867732","92.321775928",32,59.8
"McGuire, Reese",624512,2024,29,139,158,29,23,3,0,3,39,13,24.7,8.2,".209",".295",".280","0.575",".220",".344",".259",".284",".291",".124","68.8",6.1,8.2,6.6,27.1,21.7,"8.1",5,10.7,-2.7,50,30.5,"84","12.4",29.8,6.8,26.9,"95.6847612","91.98821798",24.5,45
"Soler, Jorge",624585,2024,32,493,574,119,63,34,1,21,141,68,24.6,11.8,".241",".442",".338","0.780",".242",".463",".340",".352",".341",".221","75.4",56.6,15.7,11.5,29.7,21.7,"7.9",12,11,-9.6,56.5,33.5,"90.5","17.9",33.4,12.6,44.1,"101.898357865","95.262490702",28.9,44.5
"Sosa, Edmundo",624641,2024,28,249,274,64,41,12,4,7,66,13,24.1,4.7,".257",".422",".313","0.735",".239",".395",".318",".307",".298",".155","73.1",34.1,13.2,9.2,26.7,18.6,"8.3",3,11.3,-3.4,51.1,34.6,"89.2","12.8",28.5,8.6,41.4,"100.484249348","94.380628306",31.4,56.8
"Ibáñez, Andy",628451,2024,31,224,244,54,39,9,1,5,63,15,25.8,6.1,".241",".357",".295","0.652",".214",".331",".287",".270",".273",".118","70.1",5.8,12,8.4,34.7,24.3,"7.3",6,7.9,-5.2,47.2,28.2,"88.1","20.3",33.7,4.9,33.1,"97.908149512","93.096095644",30.8,52.8
"Cronenworth, Jake",630105,2024,30,577,656,139,90,29,3,17,118,61,18,9.3,".241",".390",".324","0.714",".257",".431",".315",".339",".339",".175","69.5",6.3,11.9,9.9,31.9,26.6,"7.1",11,6.4,0.8,36.2,33.3,"88.6","13.9",35.4,7.8,36.7,"99.527561266","93.904133654",17.1,45
"Anderson, Tim",641313,2024,31,234,241,50,47,3,0,0,68,7,28.2,2.9,".214",".226",".237","0.463",".215",".292",".208",".235",".238",".077","69.7",4.3,11.3,8.3,28,20.6,"7.2",14,9.9,8.9,50.9,39.9,"86.1","1.4",29.5,1.8,30.1,"96.982041205","92.531306303",30.6,54.6
"Bauers, Jake",641343,2024,28,302,346,60,37,9,2,12,118,39,34.1,11.3,".199",".361",".301","0.662",".199",".389",".294",".304",".301",".191","73.8",30.8,11,8.2,23.7,17.6,"7.5",14,13.7,-4.5,48.8,35.7,"89.4","22.6",38.6,10.3,42.9,"99.96682033","94.377085138",29.1,45.8
"Bellinger, Cody",641355,2024,28,516,569,137,93,23,3,18,89,45,15.6,7.9,".266",".426",".325","0.751",".238",".396",".322",".302",".301",".158","69",5.2,9.7,7.7,38.6,30.6,"7.6",22,13.2,-3.1,59.5,32.6,"87.8","17.4",32.9,6.3,32.9,"97.314029213","92.768351065",22.2,49.8
"Calhoun, Willie",641432,2024,29,229,254,56,35,16,0,5,31,23,12.2,9.1,".245",".380",".315","0.695",".257",".364",".305",".311",".327",".108","69.9",10.4,15.5,13.8,39.7,35.4,"6.7",3,3.7,-3.6,41.6,23.2,"89","12.4",30.2,3,37.7,"98.9731294","93.584500603",13.2,43.6
"Crawford, J.P.",641487,2024,29,392,451,79,52,16,2,9,102,52,22.6,11.5,".202",".321",".304","0.625",".226",".370",".283",".312",".325",".145","71.9",23.2,12.2,9.8,29,23.3,"7.3",5,7.8,-1.5,41.3,36.8,"87.5","13.2",30.2,6.6,37.8,"98.950282708","93.58355108",20.2,41.1
"Fraley, Jake",641584,2024,29,350,382,97,71,19,2,5,70,26,18.3,6.8,".277",".386",".330","0.716",".245",".330",".314",".290",".304",".085","71.8",20,7.2,5.7,25.8,20.6,"7.1",1,8.3,-6.6,37.1,38.2,"84.3","11.1",34.6,3.2,24.7,"95.677326241","91.891008399",21.3,57.9
"Garver, Mitch",641598,2024,33,367,430,63,31,17,0,15,133,53,30.9,12.3,".172",".341",".286","0.627",".176",".335",".281",".284",".291",".159","71.2",9.9,14.5,10.3,34.7,24.8,"7.3",15,14.3,-8,66.2,29.4,"89.9","18.3",32.5,8.5,39.7,"99.983276271","94.254381059",30.8,38.7
"Guillorme, Luis",641645,2024,29,161,187,33,23,9,1,0,36,23,19.3,12.3,".205",".273",".301","0.574",".223",".300",".263",".285",".318",".077","64.9",1,4.5,3.8,38.7,32.2,"7.5",4,5.2,14.6,39.4,34.7,"85.5","5.7",32.8,2.3,21.1,"94.424899375","91.273931654",18.9,42.3
"Hampson, Garrett",641658,2024,29,213,231,49,35,13,1,0,59,14,25.5,6.1,".230",".300",".275","0.575",".206",".297",".255",".252",".256",".091","69",2.6,10,7.8,31.4,24.5,"7",4,10.5,-2.5,55,31.6,"86","16.1",31.6,4.4,30.4,"96.882247895","92.472205166",22.9,47.6
"Heim, Jonah",641680,2024,29,459,491,101,75,12,1,13,90,26,18.3,5.3,".220",".336",".267","0.603",".226",".365",".265",".281",".272",".140","70.2",9.7,11.2,9,34.6,27.7,"7.4",9,11.5,0.1,60.2,28.8,"88.5","14.5",29.9,5.9,36.4,"98.507122973","93.44020477",20.7,54.3
"McMahon, Ryan",641857,2024,29,567,645,137,89,28,0,20,185,69,28.7,10.7,".242",".397",".325","0.722",".238",".421",".315",".327",".324",".183","72.5",26.3,16.4,11.7,31.4,22.4,"7.2",28,8.8,4.5,41.3,38.1,"92.1","10",36.5,11,49.7,"102.62988712","96.057260524",30,46.9
"O'Neill, Tyler",641933,2024,29,411,473,99,50,18,0,31,159,53,33.6,11.2,".241",".511",".336","0.847",".211",".489",".360",".340",".311",".278","75.2",51.8,18.1,11.9,28.3,18.6,"7.6",11,17.6,-7.1,53.5,34.1,"90.9","20.2",34.6,17.3,48.8,"102.819767874","95.797605236",34.1,44.6
"Smith, Dominic",642086,2024,29,275,307,64,36,22,0,6,76,28,24.8,9.1,".233",".378",".313","0.691",".216",".397",".306",".308",".298",".181","68.8",2.5,10.8,8.3,38.2,29.4,"7",13,15.4,-1.8,56.5,35.1,"89.3","13",37.7,10.6,38.7,"98.769074141","93.729740505",25.3,45.3
"Tellez, Rowdy",642133,2024,29,383,421,93,62,18,0,13,89,31,21.1,7.4,".243",".392",".299","0.691",".234",".403",".301",".305",".294",".169","74.4",43.7,15.3,12.3,27.5,22.1,"8",13,5.3,-7.3,44.2,28.9,"89.4","17",32.4,8.1,36.5,"100.611958926","94.350585034",21.9,43.3
"Thaiss, Matt",642136,2024,29,157,186,32,21,9,0,2,58,28,31.2,15.1,".204",".299",".323","0.622",".193",".333",".286",".295",".314",".140","72.4",23.5,14.4,9,29.8,18.7,"7.8",9,10.7,3.2,58.8,31.2,"86.6","12.9",33,8,40,"99.8347254","94.000036869",39.6,44.8
"Wade, Tyler",642180,2024,29,138,156,30,27,3,0,0,29,11,18.6,7.1,".217",".239",".285","0.524",".245",".316",".242",".285",".310",".072","66.2",1.7,4.7,3.9,38.5,31.5,"6.7",0,7.3,-0.7,50.3,33.3,"83.7","14.5",38.1,1.8,17.7,"93.385363922","90.890811782",20.8,44.1
"Siri, Jose",642350,2024,28,402,448,75,40,16,1,18,170,31,37.9,6.9,".187",".366",".255","0.621",".197",".419",".271",".299",".266",".222","72.5",27.2,14.9,9.2,27.3,16.8,"7.8",20,12.9,1,50,33,"87.5","15.4",35.7,14.7,41.6,"100.732893305","94.47103983",41.9,50.9
"Rosario, Amed",642708,2024,28,332,346,93,69,18,3,3,73,9,21.1,2.6,".280",".380",".306","0.686",".249",".367",".299",".284",".277",".118","71.2",16.7,11.7,9,31.2,23.9,"7.3",8,5.7,0.3,47.8,27.4,"86.9","4.6",33.5,4.6,36.2,"98.559932462","93.290414231",24.6,55.2
"Adames, Willy",642715,2024,28,610,688,153,88,33,0,32,173,74,25.1,10.8,".251",".462",".331","0.793",".240",".468",".342",".341",".322",".228","73.6",33.2,13.5,9.8,29,21.1,"8.1",9,15.5,-0.8,58.5,33.7,"88.6","20.6",38.2,12,40.7,"99.769639045","94.108759136",29.5,49.5
"Estrada, Thairo",642731,2024,28,364,381,79,53,15,2,9,76,10,19.9,2.6,".217",".343",".247","0.590",".224",".342",".256",".265",".255",".118","71",14.3,11.9,10,33.8,28.4,"7.2",17,11.1,-4.8,61,30.3,"86.2","10.5",30.3,4.8,31.7,"97.31710125","92.678487456",20.5,51.3
"Benintendi, Andrew",643217,2024,29,477,522,109,69,20,0,20,96,41,18.4,7.9,".229",".396",".289","0.685",".244",".407",".298",".310",".304",".164","68",1,9.1,7.3,39.8,31.9,"6.7",12,13.5,-0.4,55.7,34,"88","16.1",36.5,6.3,34.4,"97.17823","92.764984068",21.1,48
"Cooper, Garrett",643265,2024,33,107,116,22,15,5,1,1,35,7,30.2,6,".206",".299",".267","0.566",".261",".424",".253",".327",".318",".164","72.9",26.9,10.3,7.4,28.6,20.6,"7.8",3,10.3,1,50.9,42.1,"85.9","12.7",47.2,9.7,36.1,"98.9080275","93.4931725",29.5,46.7
"Dubón, Mauricio",643289,2024,29,402,428,108,79,25,0,4,55,16,12.9,3.7,".269",".361",".296","0.657",".247",".337",".286",".276",".279",".090","69.4",6.6,6.8,5.6,33.2,27.4,"7.6",14,5.1,1.8,43.4,31,"86.1","14.6",30.4,2.8,26.5,"95.977741503","92.011502977",18.8,60.1
"Jansen, Danny",643376,2024,29,278,324,57,35,13,0,9,61,40,18.8,12.3,".205",".349",".309","0.658",".198",".345",".294",".293",".305",".147","69",6.8,10.4,8.7,34.6,28.7,"6.9",23,13.2,-6.9,65.9,28.9,"86.6","21.7",34.1,6.4,29.7,"97.185697545","92.627349132",20.9,40.6
"Kiner-Falefa, Isiah",643396,2024,29,465,496,125,95,18,4,8,78,16,15.7,3.2,".269",".376",".306","0.682",".251",".354",".299",".289",".291",".103","67",2.2,10.1,8.6,40.9,35.1,"6.8",11,6.6,0.5,44.2,31.3,"86.1","9.1",31.6,2.3,29.7,"96.695719581","92.34866123",14.8,46.1
"McNeil, Jeff",643446,2024,32,424,472,101,63,26,0,12,68,35,14.4,7.4,".238",".384",".308","0.692",".233",".347",".304",".293",".305",".114","68.8",5.4,8,6.9,32.5,27.7,"7.2",23,8.2,-5.1,48.3,33,"87","14.9",32.2,3.1,31.1,"96.866365393","92.484410197",17.5,55.4
"Tauchman, Mike",643565,2024,33,298,350,74,54,12,1,7,70,47,20,13.4,".248",".366",".357","0.723",".237",".392",".325",".332",".348",".156","69.3",4.5,12.7,10.1,30.6,24.4,"7",11,6.7,2.5,42,34.2,"89","15.5",34.9,7.5,41,"99.141927105","93.788317412",22.5,46
"Albies, Ozzie",645277,2024,27,399,435,100,60,29,1,10,65,27,14.9,6.2,".251",".404",".303","0.707",".246",".404",".307",".308",".301",".158","69.1",7.5,8.1,6.6,33.1,26.8,"7.2",7,12.9,-5.4,57.9,33.8,"88.4","18.4",33.4,6.2,32,"97.095539467","92.617553798",20.5,56.6
"Robles, Victor",645302,2024,27,254,295,78,54,20,0,4,53,21,18,7.1,".307",".433",".381","0.814",".256",".404",".357",".331",".337",".148","68.3",2.5,8.2,6.1,35.6,26.8,"6.9",8,14.6,-6.3,51.2,34.1,"86.7","14.8",34.8,6.2,28.6,"97.345786105","92.756314603",24.7,54.7
"Herrera, Jose",645444,2024,27,97,114,22,16,4,1,1,27,9,23.7,7.9,".227",".320",".290","0.610",".215",".280",".271",".260",".282",".065","66.5",1.1,6.8,5.2,33.3,25.3,"7",4,8.9,-6.9,48.9,34.6,"84.5","9",34.6,0,23.1,"95.176804857","91.592607714",24.2,41.3
"Devers, Rafael",646240,2024,27,525,601,143,76,34,5,28,147,67,24.5,11.1,".272",".516",".354","0.870",".267",".514",".364",".366",".351",".247","72.5",27.9,19.4,13.8,32.7,23.3,"7.4",24,8.3,7.3,59.6,28.4,"93.2","11.6",35.2,13.1,52.6,"104.597925864","97.090537461",30.9,50.9
"Naylor, Josh",647304,2024,27,563,633,137,79,27,0,31,105,58,16.6,9.2,".243",".456",".320","0.776",".254",".451",".332",".338",".330",".197","72.9",32.7,15.9,12.7,34.1,27.3,"7.6",11,8.7,-8.7,45.3,29.1,"89.9","11.1",30.1,8.5,40.9,"100.815360087","94.680816725",22.4,50.3
"Toro, Abraham",647351,2024,27,337,364,81,57,17,1,6,62,20,17,5.5,".240",".350",".293","0.643",".244",".374",".283",".297",".297",".130","69.6",10.7,10.7,8.9,36.2,29.9,"7.6",4,9.7,-2.9,56.6,31.9,"87.2","12.2",33.2,4.3,29.6,"97.476845145","92.798620509",17.4,48.1
"Urías, Luis",649966,2024,27,94,109,18,7,7,0,4,34,9,31.2,8.3,".191",".394",".303","0.697",".199",".399",".309",".314",".309",".200","68.3",4.9,9.6,7.4,28,21.6,"7.7",1,17.7,-5.4,57.4,30.2,"87.1","19.2",43.3,11.7,35,"99.362572667","93.8120925",23.1,46.9
"Arraez, Luis",650333,2024,27,637,672,200,161,32,3,4,29,24,4.3,3.6,".314",".392",".346","0.738",".310",".408",".323",".330",".343",".098","63.1",0.2,4.7,4.4,46,43.3,"6",8,7.6,4.2,44.6,38.3,"86.3","13.7",40.9,1.6,23.7,"94.838000362","91.449624457",6.9,49.8
"Jiménez, Eloy",650391,2024,27,324,349,77,57,14,0,6,70,22,20.1,6.3,".238",".336",".289","0.625",".243",".386",".276",".302",".295",".143","73.9",40.1,23,17.5,39.4,29.9,"7.2",15,5.5,-3,48.2,25.1,"92","4.3",25.1,7.8,49,"103.179997795","96.165143031",26.2,50.3
"Torres, Gleyber",650402,2024,27,587,665,151,110,26,0,15,136,65,20.5,9.8,".257",".378",".330","0.708",".240",".386",".313",".314",".317",".146","70.1",9,10,7.9,32.8,26,"7.2",21,8.4,5.2,52.5,34.5,"88.6","15",38.2,6.3,35.4,"98.295655921","93.36890443",22.9,45.7
"Castro, Willi",650489,2024,27,558,635,138,90,31,5,12,150,51,23.6,8,".247",".385",".331","0.716",".242",".390",".317",".323",".330",".147","70.6",15.5,12,8.7,29,21,"7.1",18,9.1,-5.9,45.9,37.1,"87.4","13.6",39,7,36.8,"98.851706502","93.501303852",29,51.4
"Díaz, Yandy",650490,2024,32,563,621,158,112,31,1,14,95,50,15.3,8.1,".281",".414",".341","0.755",".273",".432",".331",".339",".336",".160","73.3",34.4,22,19.2,36.5,31.9,"7.5",2,3.2,6.9,38.2,25.4,"92.2","5",28.4,7.7,48.7,"103.441830979","96.263007825",14.2,43.9
"De La Cruz, Bryan",650559,2024,27,584,622,136,90,25,0,21,170,29,27.3,4.7,".233",".384",".271","0.655",".241",".431",".283",".306",".279",".190","71.8",19.9,12.7,9.2,32.7,23.8,"7.7",20,13.4,1.1,52.8,38.1,"89.6","13.1",35.6,9.3,41.3,"99.848652919","94.22196445",30.1,53.4
"Rengifo, Luis",650859,2024,27,283,304,85,65,13,1,6,44,16,14.5,5.3,".300",".417",".347","0.764",".263",".359",".335",".300",".311",".097","69.7",12,9.6,7.6,34.3,26.9,"7.2",9,9.5,0.8,52.5,33.4,"87","6.7",30.4,2.5,32.5,"96.9891535","92.548929456",22.3,56.3
"Monasterio, Andruw",655316,2024,27,125,142,26,20,5,0,1,40,16,28.2,11.3,".208",".272",".303","0.575",".207",".352",".266",".295",".302",".145","69.1",3.3,9.6,7.5,29.3,23,"6.7",5,7.8,0.8,42.3,34.6,"88.1","14.9",36.5,9.4,41.2,"98.583089286","93.585745952",24,42.5
"Adams, Riley",656180,2024,28,116,130,26,18,5,1,2,35,10,26.9,7.7,".224",".336",".292","0.628",".219",".348",".275",".287",".292",".129","75.5",52.5,16.9,12.6,25.3,18.8,"8.1",0,8.7,-2.1,38.1,36.4,"89.9","13.6",30.1,7.2,43.4,"101.844362857","95.170948072",28.1,49.5
"Bouchard, Sean",656248,2024,28,91,108,17,9,7,0,1,33,12,30.6,11.1,".187",".297",".290","0.587",".166",".289",".266",".262",".276",".123","71.1",10.7,8.1,5.3,37.4,24.7,"7.3",0,12.9,-0.7,52.7,37.3,"89.8","10.7",29.5,5,34.4,"97.978837667","93.245498",33.7,43.4
"Chapman, Matt",656305,2024,31,575,647,142,74,39,2,27,158,64,24.4,9.9,".247",".463",".328","0.791",".244",".460",".340",".342",".327",".216","76.6",64.1,18.5,14.1,28.1,21.5,"7.5",21,6.2,-2.8,51.5,26.4,"93.2","16.2",31.3,12.7,48.3,"104.356012981","96.727633301",23.5,44.6
"Fairchild, Stuart",656413,2024,28,209,233,45,29,8,0,8,60,17,25.8,7.3,".215",".368",".286","0.654",".215",".392",".288",".298",".287",".177","70.3",10.1,11.8,7.7,32.7,21.4,"7.4",10,14.6,-10.5,58.2,33.4,"85.5","20.5",27.6,8,36.8,"98.640738472","93.363702378",35.5,50.2
"Hill, Derek",656537,2024,28,162,172,39,26,4,2,7,56,5,32.6,2.9,".241",".420",".271","0.691",".241",".403",".296",".297",".275",".162","70.4",10,12.9,8.5,34.9,23.1,"7.3",10,15.5,2.7,44.5,36.4,"88.3","9.8",37.6,11,36.7,"99.292666346","93.800468365",35.2,54.2
"Hilliard, Sam",656541,2024,30,138,158,33,17,5,1,10,56,14,35.4,8.9,".239",".507",".305","0.812",".210",".414",".342",".298",".280",".204","75.3",52.7,20.3,12.2,31.6,19.1,"7.3",7,9.7,-1,49.2,27.3,"94.6","16.5",30.7,14.9,52.3,"103.815353902","97.006523171",40.8,46.9
"Hoskins, Rhys",656555,2024,31,449,517,96,56,14,0,26,149,53,28.8,10.3,".214",".419",".303","0.722",".201",".402",".313",".306",".294",".201","71.2",13.1,12.2,9.3,30,22.9,"8.1",23,15.7,-5.6,58.1,32.7,"88.7","20.8",29.7,12.7,42.2,"99.737434248","94.057895065",26.3,42.8
"Jackson, Alex",656577,2024,28,139,155,17,7,7,0,3,53,12,34.2,7.7,".122",".237",".201","0.438",".137",".266",".200",".224",".217",".130","74.4",46.9,10.7,6.6,24.7,15.4,"7.5",6,10.6,-5.1,61.2,30.2,"86.7","20.2",21.6,9.1,31.8,"97.524225","92.833252184",39.7,52.7
"Joe, Connor",656582,2024,31,364,416,83,51,22,1,9,91,44,21.9,10.6,".228",".368",".320","0.688",".202",".311",".305",".279",".298",".109","72.1",23.9,12.7,9.7,27.8,21.4,"7.4",18,8.5,-8.7,49.9,30.8,"85.3","16.3",30.9,4.7,32.7,"97.939201314","92.982890511",25.7,43.1
"McKinstry, Zach",656716,2024,29,297,325,64,41,14,5,4,69,24,21.2,7.4,".215",".337",".277","0.614",".240",".383",".270",".301",".301",".143","67.2",0.8,8.8,6.9,38.5,30.4,"6.7",5,12.5,-0.4,44.2,38,"88","18.7",37.8,4.3,32.6,"97.327044","92.860583362",22.1,47.7
"Mullins, Cedric",656775,2024,29,444,499,104,67,16,3,18,98,41,19.6,8.2,".234",".405",".305","0.710",".224",".357",".310",".292",".296",".133","71",7.6,10.2,8.5,28.6,23.8,"7.5",4,10.5,-3.7,60.6,29.3,"87.1","21.5",31.7,4.9,33.4,"97.759606105","92.89369311",19.1,51.4
"O'Hearn, Ryan",656811,2024,30,443,494,117,78,21,3,15,69,46,14,9.3,".264",".427",".334","0.761",".273",".470",".330",".354",".344",".197","72.4",24.3,14.9,12.5,33.7,28.3,"7.1",6,9,0.3,43.8,31.5,"89.6","12",35,6.9,40.1,"99.733150957","94.095787394",18.1,46.7
"Rivera, Emmanuel",656896,2024,28,265,302,63,47,9,2,5,69,26,22.8,8.6,".238",".343",".312","0.655",".248",".393",".291",".322",".325",".146","69.6",10,16.5,11.9,37.9,27.2,"6.9",5,6.8,-0.1,49.5,33.9,"89.7","8.7",33.7,7.9,44.1,"99.97328099","94.404966716",28.3,48.6
"Schwarber, Kyle",656941,2024,31,573,692,142,82,22,0,38,197,106,28.5,15.3,".248",".485",".366","0.851",".249",".519",".366",".380",".368",".269","77.5",78,23,16.5,32.5,23.3,"7.7",35,13.1,-4.5,67.4,29.3,"93.6","15",31.8,15.6,55.5,"105.154527813","97.529843438",32,39.9
"Smith, Pavin",656976,2024,28,137,158,37,17,11,0,9,31,18,19.6,11.4,".270",".547",".348","0.895",".287",".534",".377",".396",".369",".247","73",32.1,19.9,16,40.4,32.5,"7.4",4,11.3,-3.7,53.3,31.3,"90.2","13.1",34.9,14.7,44,"101.669639091","95.421898349",21.5,38.4
"Thomas, Lane",657041,2024,28,472,528,112,68,26,3,15,137,44,25.9,8.3,".237",".400",".309","0.709",".240",".388",".309",".311",".313",".148","71.7",16.9,15.3,12.1,32.7,26,"6.8",19,9,-2.6,60.1,29.3,"88.8","17",31.5,7.4,40.6,"100.376555353","94.3557595",23.3,43.8
"Verdugo, Alex",657077,2024,28,559,621,130,88,28,1,13,93,49,15,7.9,".233",".356",".291","0.647",".247",".383",".283",".306",".307",".136","68.3",7.5,10.9,9.1,39.8,33.4,"6.3",5,5.6,0.4,44.6,31.3,"88.3","9.9",31.6,5.7,34.9,"98.009613263","93.0881338",15.5,44.7
"Wong, Connor",657136,2024,28,447,487,125,87,24,1,13,114,28,23.4,5.7,".280",".425",".333","0.758",".229",".362",".330",".291",".288",".134","72",17.5,13.3,9.6,29.4,21.3,"7.3",11,12.5,-1.3,51.7,33.2,"86.5","12.9",30.7,6.3,34.5,"98.745018171","93.452738532",28.8,51.6
"DeJong, Paul",657557,2024,30,445,482,101,60,17,0,24,156,23,32.4,4.8,".227",".427",".276","0.703",".216",".402",".302",".293",".268",".186","72",15.5,12,8.1,27,18.3,"6.9",11,16,-1.7,56.6,35,"87.8","20",36.4,10.2,41.5,"99.999893878","94.174456531",34.9,58
"Laureano, Ramón",657656,2024,29,286,309,74,46,16,1,11,96,15,31.1,4.9,".259",".437",".311","0.748",".229",".438",".324",".313",".284",".209","72.7",30.2,13.8,9.6,29.5,20.6,"7.2",17,17.1,-1.9,45,36.8,"89.2","13.3",38.7,12.6,40.8,"100.254641146","94.492561099",31.8,52.3
"Sheets, Gavin",657757,2024,28,451,501,105,70,24,1,10,106,43,21.2,8.6,".233",".357",".303","0.660",".248",".387",".291",".313",".318",".139","72.7",29.7,12.7,10.1,28.2,22.6,"7.6",27,6.9,-6.3,44.4,29.4,"87.8","13.5",41.1,5.8,35.3,"98.863415862","93.510571585",23,46.2
"Olivares, Edward",658668,2024,28,174,196,39,30,4,0,5,37,16,18.9,8.2,".224",".333",".291","0.624",".274",".398",".276",".333",".342",".124","71.8",23.4,14.2,10.9,28.8,22,"7.3",4,8.4,-2.2,58.9,27.4,"86.8","9.2",35.5,6.4,35.5,"98.508436056","93.311684681",24.2,51
"Ohtani, Shohei",660271,2024,29,636,731,197,98,38,7,54,162,81,22.2,11.1,".310",".646",".390","1.036",".310",".672",".431",".444",".392",".363","76.3",64.1,25.8,18.4,38.7,27.5,"7.7",10,11.3,-1.7,51.6,35.1,"95.8","16.2",37.8,21.5,60.1,"106.727792385","98.772122364",29.8,47.3
"Bruján, Vidal",660644,2024,26,248,278,55,37,14,2,2,54,25,19.4,9,".222",".319",".303","0.622",".218",".292",".276",".268",".300",".074","66.9",0.9,6,4.7,31.6,24.6,"7",12,7.4,-0.9,47.7,31.3,"85.1","8",29.7,1.5,22.6,"95.193229158","91.616436508",24.4,52
"Acuña Jr., Ronald",660670,2024,26,192,222,48,35,8,1,4,53,27,23.9,12.2,".250",".365",".351","0.716",".256",".430",".322",".350",".357",".174","76.8",73.1,16.9,12.7,29.6,22.3,"7.6",10,10.7,4.6,58.8,34.9,"92.2","8.5",31.7,9.4,48.2,"103.064738696","96.113602174",27.5,47
"Ruiz, Keibert",660688,2024,25,459,485,105,71,21,0,13,54,16,11.1,3.3,".229",".359",".260","0.619",".250",".357",".268",".283",".282",".107","66.4",1,8,7.1,37.9,33.9,"7.1",10,9.9,-12.5,55.7,32.3,"85.4","19.8",32.2,3.2,25.6,"95.477673333","91.740685858",12.1,52.3
"Montero, Elehuris",660707,2024,25,224,247,46,32,10,0,4,56,20,22.7,8.1,".205",".304",".267","0.571",".208",".349",".254",".279",".273",".142","75.1",53.1,15.2,10.7,28.6,20.2,"7.6",10,7.6,-15.2,38.8,34.4,"89.5","17",27.5,7.6,41.5,"100.877618721","94.67846193",30.3,54.1
"Yepez, Juan",660766,2024,26,226,249,64,43,15,0,6,42,18,16.9,7.2,".283",".429",".335","0.764",".251",".366",".331",".303",".309",".115","70.5",11.6,11.3,8.8,30.9,24.1,"7.3",5,7.6,-1.7,53,30.6,"86.6","8.5",30.3,5.9,35.6,"98.208738602","93.111621613",22.1,50.1
"Sánchez, Jesús",660821,2024,26,489,537,123,79,25,1,18,140,41,26.1,7.6,".252",".417",".313","0.730",".261",".480",".317",".348",".323",".219","75.2",54.4,19.1,13.1,32.2,22.2,"7.1",13,7.9,2.5,50.8,30.7,"92.5","7.7",31.8,12.3,51.3,"104.556000571","96.923820315",31.2,53.2
"Contreras, William",661388,2024,26,595,679,167,105,37,2,23,139,78,20.5,11.5,".281",".466",".365","0.831",".261",".471",".359",".356",".348",".211","74.7",50.4,20.9,15.6,34.9,26.1,"7.3",24,10,1.4,63.4,28.2,"92.8","6.1",29,10,49.5,"103.875480043","96.642602527",27.8,47.4
"Varsho, Daulton",662139,2024,27,459,513,98,52,21,7,18,137,48,26.7,9.4,".214",".407",".293","0.700",".185",".326",".304",".265",".267",".141","73.7",34.4,11.1,8.2,24,17.7,"7.6",6,12.7,-3.6,54.2,32.6,"86.1","24.4",30.2,6.2,34,"98.537583503","93.276618121",27,47.6
"Perkins, Blake",663368,2024,27,383,434,92,71,13,2,6,108,42,24.9,9.7,".240",".332",".316","0.648",".218",".319",".288",".280",".298",".101","69.4",3.2,12.7,9.2,42.4,30.7,"7.3",13,8.2,3.2,55.8,30.8,"88.8","12",32,3.9,37.7,"97.789208222","93.114376074",27.1,42.4
"Nootbaar, Lars",663457,2024,26,348,405,85,52,18,3,12,79,52,19.5,12.8,".244",".417",".342","0.759",".261",".466",".331",".358",".356",".206","72.6",28.2,21.4,17.8,37.3,31,"6.8",15,8.2,0.2,49.5,29.9,"91.8","6",32.2,9.9,49.5,"102.282162353","95.717855683",19,37.2
"Nevin, Tyler",663527,2024,27,245,278,50,33,10,0,7,64,25,23,9,".204",".331",".288","0.619",".215",".384",".276",".304",".299",".169","68.4",3.4,11.1,8.2,38.3,28.4,"7",7,9.8,2.2,57.4,34.9,"89.8","10.7",37,8.8,40.8,"99.059252088","93.891727514",25.6,47.3
"Hoerner, Nico",663538,2024,27,582,641,159,116,35,1,7,66,44,10.3,6.9,".273",".373",".335","0.708",".281",".359",".313",".318",".344",".079","68.2",2.8,7.2,6.4,35.4,31.7,"7.1",11,4.9,-1.4,43.7,32.7,"85.7","10.4",36,1.2,27.6,"95.980926525","91.993965849",11.9,48.4
"Riley, Austin",663586,2024,27,425,469,109,62,26,2,19,118,37,25.2,7.9,".256",".461",".322","0.783",".265",".523",".338",".367",".331",".259","75.2",53.6,20.2,15.1,32.7,24.4,"7.5",24,9.4,-3.5,46.4,32.6,"93.3","15.9",37.2,15,53.4,"103.77151961","96.882758664",27.5,50.1
"Larnach, Trevor",663616,2024,27,355,400,92,60,17,0,15,89,40,22.3,10,".259",".434",".338","0.772",".251",".462",".336",".343",".331",".211","72.8",27.2,20.4,14.9,39.2,28.6,"7.4",8,11,-7.8,38.1,40,"92","12.4",36.2,10.1,45.1,"102.375195821","95.54188573",27.9,44.1
"Mountcastle, Ryan",663624,2024,27,473,507,128,83,30,2,13,114,27,22.5,5.3,".271",".425",".308","0.733",".271",".455",".316",".336",".312",".184","75.1",50.6,16.1,12.4,27.5,21.2,"7.5",14,4.7,1.5,36.2,37.4,"90.8","10.4",36.2,8.8,45.2,"102.105716923","95.370233104",25.1,56.1
"Hayes, Ke'Bryan",663647,2024,27,365,396,85,72,9,0,4,75,23,18.9,5.8,".233",".290",".283","0.573",".244",".336",".256",".285",".296",".093","72.1",19.7,16.6,13.9,37.4,31.3,"6.9",10,2,2.9,34.8,25.7,"88.9","4.8",29.9,2.4,42.9,"99.837230137","94.135653938",18.1,44.8
"Tucker, Kyle",663656,2024,27,277,339,80,44,13,0,23,54,56,15.9,16.5,".289",".585",".408","0.993",".275",".546",".419",".402",".396",".271","72.2",22.9,16.4,13.8,36.4,30.7,"7.5",8,10.5,-5.9,46,36,"91.1","21.2",40,12.9,44.9,"100.157901947","94.740150044",19,41.8
"Cameron, Daz",663662,2024,27,170,186,34,23,5,1,5,51,13,27.4,7,".200",".329",".258","0.587",".219",".358",".258",".284",".278",".139","72.9",30.4,17.5,12.4,35.5,25.2,"6.8",7,1.8,-6.2,30,33.3,"91.6","8.6",36.4,8.3,48.8,"101.2654245","95.191277667",28.3,49
"India, Jonathan",663697,2024,27,533,637,132,87,28,2,15,125,80,19.6,12.6,".248",".392",".357","0.749",".262",".418",".333",".354",".373",".156","71.7",22.2,12.4,10.2,30.7,25.3,"7.2",25,8.1,-0.9,48.4,29.4,"87.2","13.5",39.3,7.7,36.5,"98.90319256","93.547150797",19.2,38.3
"Bart, Joey",663698,2024,27,253,282,67,43,11,0,13,73,22,25.9,7.8,".265",".462",".337","0.799",".246",".448",".347",".336",".321",".202","74.8",51,16.2,12,29,21.4,"7.5",10,11.3,-4.4,44.4,35.6,"88.1","10.5",32.6,9.5,38.7,"100.959040333","94.605861732",26.2,43.7
"Raleigh, Cal",663728,2024,27,546,628,120,70,16,0,34,176,70,28,11.1,".220",".436",".312","0.748",".229",".483",".323",".347",".323",".253","74.5",45.1,15.9,11.3,28.5,20.2,"7.8",15,16.8,-7.8,45.5,32.3,"91","21.2",35.6,15.5,48.1,"102.032071755","95.508789467",31,52.3
"Fortes, Nick",663743,2024,27,308,335,70,50,16,0,4,41,11,12.2,3.3,".227",".318",".259","0.577",".224",".291",".252",".246",".257",".067","71.3",19.4,10.1,8.7,31.2,26.9,"7.1",4,2.1,-5.3,32.5,20.3,"84.3","15.4",29,1.4,22.6,"95.578582782","91.819744812",13.2,49.3
"Grisham, Trent",663757,2024,27,179,209,34,17,8,0,9,57,22,27.3,10.5,".190",".385",".290","0.675",".196",".389",".295",".303",".297",".192","70.4",5.7,17.4,13.6,39.6,30.9,"7.7",3,16.2,-1.3,65.3,29.9,"90.6","20",25.6,12,46.4,"100.360050339","94.648811864",23.3,37.2
"Vierling, Matt",663837,2024,27,518,567,133,84,28,5,16,121,41,21.3,7.2,".257",".423",".312","0.735",".252",".402",".317",".312",".309",".149","71.1",11.8,15.5,12.6,36.1,29.3,"7.4",7,6.5,0.9,50.8,29.6,"89.8","11.7",34.1,7.5,40.9,"100.235830606","94.344722247",19.5,42.8
"Gonzalez, Romy",663853,2024,27,199,216,53,36,10,1,6,58,12,26.9,5.6,".266",".417",".306","0.723",".251",".425",".311",".317",".296",".174","74.1",38.4,22,15.6,33.6,23.8,"7",3,8,4.6,53.7,27.6,"92.3","3.7",29.7,8.3,51,"104.214637183","96.826247676",29.2,55.2
"Stephenson, Tyler",663886,2024,27,457,515,118,72,26,1,19,117,48,22.7,9.3,".258",".444",".338","0.782",".238",".413",".339",".325",".322",".175","70.8",9.4,15.6,12.7,37.5,30.5,"7.4",31,11,1.9,52.5,36.7,"90.2","10.9",33,9.1,43.9,"100.320154503","94.587176774",22.7,43.2
"Rodgers, Brendan",663898,2024,27,501,539,134,91,29,1,13,132,31,24.5,5.8,".267",".407",".314","0.721",".246",".382",".314",".299",".295",".136","71.7",25.2,14.4,11,31.5,24.1,"7.1",26,5,-2.3,39.9,31.9,"89.3","4.9",33.1,5.7,44.1,"101.153269243","94.773964417",25.9,49.3
"Lowe, Nathaniel",663993,2024,28,486,565,129,96,16,1,16,125,71,22.1,12.6,".265",".401",".361","0.762",".250",".386",".337",".332",".350",".137","73.3",29.3,15.2,12.4,28.3,23,"7.3",23,6.9,7.6,50.3,30.1,"88.9","7.7",32.6,5.8,40,"100.432822253","94.330442369",20.6,42.7
"Happ, Ian",664023,2024,29,569,657,138,77,34,2,25,168,80,25.6,12.2,".243",".441",".341","0.782",".240",".453",".341",".347",".339",".214","72.4",23.7,15.1,11,31.8,23.2,"7",18,9.7,-3.9,44.1,32.6,"90.8","15.1",37,11.7,45.2,"101.590666318","95.287992294",27.9,45.9
"France, Ty",664034,2024,29,479,535,112,75,24,0,13,114,38,21.3,7.1,".234",".365",".305","0.670",".225",".394",".296",".306",".299",".169","71",14.3,12.1,9.3,31.2,24.1,"7.6",17,13.9,5.3,52.5,34.6,"88.7","12.9",30.5,7.3,40,"99.663679892","94.004650595",24.2,51.2
"Lowe, Brandon",664040,2024,29,385,425,94,51,19,3,21,112,33,26.4,7.8,".244",".473",".311","0.784",".248",".488",".335",".344",".315",".240","73.4",36,17.2,12.2,30.8,21.8,"7.1",27,15.1,-3.6,46.5,34.7,"89.8","14.5",39.6,12.4,44.7,"101.345776014","94.9549512",32.7,55.3
"Bader, Harrison",664056,2024,30,402,437,95,64,19,0,12,95,21,21.7,4.8,".236",".373",".284","0.657",".241",".387",".285",".299",".291",".145","71.2",19.9,13.3,10.2,33.4,25.8,"7.1",16,11.3,-5.5,54,25.1,"87.2","11.9",33.9,6.4,35.5,"98.685690255","93.420801022",24.5,46.6
"Moore, Dylan",664238,2024,31,368,441,74,37,23,4,10,123,53,27.9,12,".201",".367",".320","0.687",".196",".333",".306",".298",".319",".137","73",27.8,10.8,8.4,27,20.8,"7.1",16,9.5,-8.4,62,31.4,"88.4","22.6",38.2,8.8,36.3,"98.78016696","93.44884728",24.8,42.4
"Florial, Estevan",664314,2024,26,98,111,17,6,6,2,3,41,11,36.9,9.9,".173",".367",".264","0.631",".163",".300",".277",".254",".254",".137","73",30.1,13.5,8.1,27,16.1,"7.1",0,12.4,-3.2,44.1,34.5,"88.7","12.8",36.2,10.3,41.4,"99.259345517","93.884180351",42.2,51.1
"Isbel, Kyle",664728,2024,27,384,426,88,59,13,8,8,88,27,20.7,6.3,".229",".367",".287","0.654",".231",".333",".286",".283",".290",".102","70.8",11,13.1,10.7,33.7,27.5,"7.1",5,3.8,-4.1,42.8,25.3,"88.1","9",24.8,3.9,36.3,"99.427451293","93.787078878",19.3,46.1
"Bohm, Alec",664761,2024,27,554,606,155,94,44,2,15,86,40,14.2,6.6,".280",".448",".332","0.780",".283",".452",".335",".345",".338",".169","72.2",21.7,18.8,15.6,39.1,32.5,"7.4",9,6.4,2.6,50.8,30.8,"90.4","10.1",35.2,6.8,45.6,"100.768220847","94.781662669",17.6,49.7
"Wade Jr., LaMonte",664774,2024,30,331,401,86,62,16,0,8,90,62,22.4,15.5,".260",".381",".380","0.761",".253",".437",".337",".356",".376",".184","72.4",26.1,16.8,13.3,34.3,27,"6.8",12,9.3,-1.2,53.2,32.2,"90.6","12.9",39.6,9.4,44.1,"101.164898115","95.074393169",24.2,40.9
"Mendick, Danny",664901,2024,30,132,141,26,16,7,0,3,35,6,24.8,4.3,".197",".318",".243","0.561",".206",".340",".247",".261",".251",".134","66.9",0.9,5.6,4.1,34,25,"7",4,12.9,3.6,63.6,29.6,"83.8","13.9",31.6,6.1,22.4,"94.586655625","91.425542526",28.7,47.8
"Brown, Seth",664913,2024,31,372,400,86,60,11,1,14,112,25,28,6.3,".231",".379",".282","0.661",".230",".398",".289",".298",".282",".168","73.3",28.2,14.5,10.5,30.9,22.5,"7.2",14,10,-6.7,51.1,32.7,"90","14.6",35.2,8.5,40.6,"100.936577054","94.815981008",29.1,52
"McCarthy, Jake",664983,2024,26,442,495,126,98,13,7,8,78,31,15.8,6.3,".285",".400",".349","0.749",".265",".363",".329",".314",".333",".099","67.3",3.1,6.8,5.7,31.8,26.5,"6.7",12,8.8,1.3,49.9,34.7,"84.5","9.1",30.4,2.7,24.5,"95.637290857","91.834529486",17.6,49.3
"Clemens, Kody",665019,2024,28,114,120,25,10,9,1,5,29,5,24.2,4.2,".219",".447",".258","0.705",".192",".360",".301",".257",".232",".168","70.5",4.3,12.6,9.6,33.3,25.5,"7.3",1,11.9,-0.9,64.9,30,"89.4","19.2",30.6,7.1,42.4,"99.387885814","93.94476",25.7,49.1
"Peña, Jeremy",665161,2024,26,602,650,160,115,28,2,15,111,25,17.1,3.8,".266",".394",".308","0.702",".262",".401",".305",".314",".307",".139","72.6",22.5,14.9,11.3,33.8,25.5,"7.6",13,8.6,-5,55.5,28.9,"88.2","7.5",29.2,5.4,38.8,"99.323506707","93.74168435",24.9,54.2
"Tatis Jr., Fernando",665487,2024,25,398,438,110,67,21,1,21,96,32,21.9,7.3,".276",".492",".340","0.832",".294",".548",".359",".390",".357",".254","74.7",47.8,22.6,17,37.4,28.1,"7.3",29,10.4,1.5,58,31.4,"93.5","10",33.7,14.6,55.8,"104.418991126","97.109953874",28.1,51.3
"Guerrero Jr., Vladimir",665489,2024,25,616,697,199,124,44,1,30,96,72,13.8,10.3,".323",".544",".396","0.940",".316",".578",".398",".412",".391",".261","75.9",57.5,24.2,19.4,34.5,27.7,"7.7",9,3.2,-0.4,37.4,28.6,"93.8","7.4",35.1,13.8,54.9,"105.663720766","97.649346073",21.5,48
"Pache, Cristian",665506,2024,25,165,183,33,23,8,1,1,64,17,35,9.3,".200",".279",".273","0.552",".195",".294",".250",".255",".270",".098","71.7",15.1,12.4,8.5,28.1,19.3,"7.4",7,9.9,0,56.1,31,"89.9","9.8",26.5,4.9,38.2,"99.682097","94.253817172",33.2,48.7
"Soto, Juan",665742,2024,25,576,713,166,90,31,4,41,119,129,16.7,18.1,".288",".569",".419","0.988",".310",".655",".421",".463",".440",".345","75.4",59.2,25.3,20.5,39.3,31.9,"7.3",28,12.2,2.5,60.8,27.1,"94.2","10.7",35.4,19.8,57,"105.650123728","97.994705143",21.5,37.2
"Taveras, Leody",665750,2024,25,480,529,110,78,17,3,12,112,42,21.2,7.9,".229",".352",".289","0.641",".238",".378",".282",".299",".299",".140","71.3",14.8,14.4,10.6,32.7,24.1,"7.5",6,7,-5.2,37.8,32.4,"89","14.7",31.5,5.9,35.5,"99.173170874","93.650113205",26.2,48.8
"Amaya, Miguel",665804,2024,25,328,363,76,53,13,2,8,62,23,17.1,6.3,".232",".357",".288","0.645",".249",".377",".283",".302",".305",".128","72.9",32.4,11.9,9.5,29.4,23.4,"7.2",6,8.1,-4.3,53.3,31.5,"88.4","11.1",33.9,4.8,33.9,"99.101174286","93.708861353",22.5,54
"Cabrera, Oswaldo",665828,2024,25,299,326,74,55,11,0,8,63,21,19.3,6.4,".247",".365",".296","0.661",".248",".347",".290",".291",".301",".100","68.3",1.7,10,8.1,34.1,27.7,"7",3,6.4,-2.2,44.8,31.1,"88.2","12.5",34,3.8,34.9,"97.641570336","92.88412097",18.8,47.8
"Cruz, Oneil",665833,2024,25,541,599,140,82,34,3,21,181,51,30.2,8.5,".259",".449",".324","0.773",".259",".475",".331",".344",".325",".216","78.5",75.3,24.6,16.5,34.1,22.9,"7.7",10,8.4,-6.7,42,32.9,"95.5","9.8",32.1,15.7,54.9,"107.199352928","98.547881492",34.1,46.3
"Valdez, Enmanuel",665839,2024,25,201,223,43,25,12,0,6,53,17,23.8,7.6,".214",".363",".270","0.633",".231",".418",".275",".308",".289",".187","70.4",10.5,11,8.6,32.5,25.6,"7.5",2,10.8,-5.2,63.3,28.8,"89.4","19.3",32,9.3,41.8,"99.9120656","94.1331724",22.1,43.9
"Chisholm Jr., Jazz",665862,2024,26,562,621,144,95,21,4,24,152,53,24.5,8.5,".256",".436",".324","0.760",".237",".419",".327",".317",".307",".183","71.9",23.3,15.1,10.6,32.5,22.8,"7.5",11,14.1,-2.1,52.3,34.9,"89.7","11.4",29.6,9.8,41.1,"100.122466782","94.459141861",29.3,47.5
"Giménez, Andrés",665926,2024,25,583,633,147,115,22,1,9,97,26,15.3,4.1,".252",".340",".298","0.638",".261",".362",".281",".301",".309",".101","68.3",6.9,7.7,5.9,31.7,24.3,"7",12,10.1,0.6,51.5,31.9,"86.3","8.7",32.7,2.8,28.5,"96.492499139","92.262342361",22.8,56.4
"Chaparro, Andrés",665953,2024,25,121,132,26,10,12,0,4,24,7,18.2,5.3,".215",".413",".280","0.693",".225",".405",".301",".306",".289",".181","72.4",21.9,12.4,9.6,24.4,18.7,"7.1",3,8.4,-9.5,41,33,"87.8","16.6",27.8,6.2,33,"98.318885102","93.216540722",24.8,53.7
"Aranda, Jonathan",666018,2024,26,128,143,30,17,7,0,6,32,12,22.4,8.4,".234",".430",".308","0.738",".249",".525",".320",".363",".321",".276","70.1",9.2,14.7,12,34.5,28.1,"7.3",5,11.7,3.2,60.4,35,"91.9","11",34,16.5,48.5,"101.531383265","95.365481959",21.9,45.4
"Fermin, Freddy",666023,2024,29,339,368,92,72,14,0,6,66,23,17.9,6.3,".271",".366",".319","0.685",".241",".336",".300",".281",".292",".094","70.8",9.8,11.1,8.9,32.9,26.3,"7.5",21,10.5,-5.7,53.1,34.8,"88.2","11.1",29.2,3.2,33.9,"97.931397537","93.085600262",23,51
"Jones, Nolan",666134,2024,26,256,297,58,41,13,1,3,91,36,30.6,12.1,".227",".320",".321","0.641",".209",".331",".287",".291",".308",".122","70.7",17,10.7,8.2,31.3,23.9,"6.7",8,5.6,4,36.2,37,"88.2","7.8",34.3,6,44.4,"100.556302024","94.528500893",25.6,40
"Kirilloff, Alex",666135,2024,26,159,178,32,16,8,3,5,47,15,26.4,8.4,".201",".384",".270","0.654",".219",".442",".282",".319",".290",".223","72.4",19.4,16.8,11.9,35.3,25,"7.8",3,15.6,2.8,52.2,33.6,"91.3","13.2",27,11.3,40.9,"100.310300172","94.70393913",30.9,49.2
"Lowe, Josh",666139,2024,26,353,387,85,54,19,2,10,123,32,31.8,8.3,".241",".391",".302","0.693",".225",".396",".299",".297",".289",".172","73.3",32.7,13.4,9.2,28.2,19.2,"7.2",9,10,-0.7,48,36.9,"90.8","16.9",37.9,10.3,46.1,"100.893361034","94.928910905",31.9,51.6
"Fitzgerald, Tyler",666149,2024,26,314,341,88,52,19,2,15,108,22,31.7,6.5,".280",".497",".334","0.831",".226",".383",".357",".293",".284",".157","70.5",7.1,11,7.6,31.6,22,"7.4",3,17.7,-4.5,44,38.1,"87.7","20.2",39.1,8.3,31.9,"97.5779034","92.79850055",31.2,47.7
"Fletcher, Dominic",666150,2024,26,223,241,46,37,8,0,1,58,11,24.1,4.6,".206",".256",".252","0.508",".220",".291",".227",".250",".266",".072","66.7",0.3,8.5,6.8,33.3,26.6,"6.5",2,2,4,34.8,27.2,"84.4","12.1",38.7,1.8,26.8,"95.808053494","91.934485697",21.2,47.2
"Hamilton, David",666152,2024,26,294,317,73,47,17,1,8,80,22,25.2,6.9,".248",".395",".303","0.698",".229",".357",".305",".285",".285",".128","68.9",3,11.9,9.2,36.1,27.7,"7.2",18,8.9,-5.4,48.4,32.1,"87","15.8",38.3,5.6,32.2,"97.714382095","92.969829904",25.6,45.9
"Lux, Gavin",666158,2024,26,439,487,110,74,24,2,10,110,44,22.6,9,".251",".383",".320","0.703",".254",".390",".310",".319",".325",".136","71.2",15.6,13.9,10.9,32.6,25.6,"7.3",18,10.1,3.8,48,33.2,"88.3","9.1",35,6.1,41.1,"98.995997212","93.691033374",23.3,45.1
"Moniak, Mickey",666160,2024,26,392,418,86,53,17,2,14,114,21,27.3,5,".219",".380",".266","0.646",".219",".387",".281",".286",".266",".168","73.1",28.6,13,9.3,28.2,20.2,"7.7",10,12.5,-3.5,51.7,33.9,"88.1","19.8",31.9,9.4,34.4,"99.494460797","93.816907681",30.6,56.7
"Rortvedt, Ben",666163,2024,26,290,328,66,50,13,0,3,88,34,26.8,10.4,".228",".303",".317","0.620",".202",".291",".283",".269",".294",".089","69.7",5.2,7.7,5.6,32.1,23.5,"7.1",7,10.9,0.3,59,29.2,"86.2","11.9",30.2,3.5,30.7,"96.9585767","92.49508965",26.7,43
"Adell, Jo",666176,2024,25,405,451,84,47,15,2,20,126,35,27.9,7.8,".207",".402",".280","0.682",".222",".426",".296",".314",".295",".204","76.7",66,15.2,11.1,25.1,18.2,"7.6",20,4.9,-4,42.7,32.8,"89.8","15.9",30.5,11.8,44.7,"102.6788005","95.748719749",29.8,49.7
"Benson, Will",666181,2024,26,343,388,64,29,19,2,14,154,40,39.7,10.3,".187",".376",".274","0.650",".179",".343",".285",".272",".268",".164","72.1",20.8,10.3,6.5,25.8,16.2,"7.9",17,16,-6.8,54,33.6,"89.4","18.2",36.5,11.5,40.1,"99.756805263","94.123444",39,47.6
"Bichette, Bo",666182,2024,26,311,336,70,49,16,1,4,64,20,19,6,".225",".322",".277","0.599",".248",".377",".264",".303",".301",".129","70.4",14.2,14.8,11.7,32.7,25.9,"7.3",10,3.3,-0.2,31.9,38,"89.2","7.2",31.3,4.5,43.5,"100.896776504","94.778862816",22,56.4
"Carlson, Dylan",666185,2024,25,235,265,49,39,7,0,3,75,22,28.3,8.3,".209",".277",".287","0.564",".198",".286",".257",".258",".278",".088","68.5",2.4,9,6.3,29.2,20.4,"7.1",15,11.8,-2.2,52.3,36.9,"86.8","15.8",30.1,2.5,25.8,"96.530139877","92.297463602",31,48.2
"Naylor, Bo",666310,2024,24,354,389,71,46,10,2,13,122,29,31.4,7.5,".201",".350",".264","0.614",".194",".335",".269",".263",".258",".141","70.6",9.8,12.5,9.2,31.4,23.1,"7.4",20,12.6,-5.2,50.2,30.5,"88.8","19.9",32.6,8.1,37.7,"98.72815","93.535266567",28.3,46.9
"Julien, Edouard",666397,2024,25,266,301,53,36,9,0,8,102,33,33.9,11,".199",".323",".292","0.615",".193",".355",".278",".288",".287",".162","71.9",17,12.7,9,28.2,20,"7.1",10,16.6,8.9,44.8,44.2,"87.8","11.9",38.4,9.8,37.8,"98.889968415","93.491651402",30.9,40.6
"Encarnacion, Jerar",666464,2024,26,113,119,28,18,5,0,5,34,5,28.6,4.2,".248",".425",".277","0.702",".269",".513",".301",".352",".301",".244","77",68.5,24.8,18.8,30.4,23,"7.8",6,8.8,4.2,46.5,36,"95","6.7",37.5,15,58.8,"105.57868275","97.868597468",28.7,48.4
"Morel, Christopher",666624,2024,25,535,611,105,70,11,3,21,159,61,26,10,".196",".346",".288","0.634",".222",".401",".280",".316",".313",".180","76.1",64.7,17.6,11.7,30.2,20.1,"8",24,13.1,-5.8,73.5,27.3,"89.2","14.2",27.6,10.3,40.4,"101.221222105","94.784090605",34.1,47
"García, Adolis",666969,2024,31,580,637,130,78,27,0,25,177,45,27.8,7.1,".224",".400",".284","0.684",".223",".422",".296",".309",".285",".199","72",23,16.4,11.1,33.4,22.6,"7.9",14,10.5,-2.6,58.2,29.3,"91","15",33.7,12.5,48.2,"101.827676765","95.435631691",34.3,52.1
"Gurriel Jr., Lourdes",666971,2024,30,513,553,143,101,22,2,18,101,29,18.3,5.2,".279",".435",".322","0.757",".265",".433",".327",".325",".311",".168","70.6",9.5,13.4,10.9,31.5,25.7,"7.5",12,8.5,-4.1,48.3,35.8,"88.4","15.7",33.8,6.7,40,"99.549348469","93.921850288",20.2,51.1
"Julks, Corey",667452,2024,28,173,189,37,27,7,0,3,50,15,26.5,7.9,".214",".306",".275","0.581",".214",".315",".260",".270",".279",".101","70.7",8.9,9.1,6.7,27.6,20.4,"7",3,9.1,-4,56.4,34.3,"84.9","15",33.9,3.2,29,"96.954618226","92.479937742",25.9,45.8
"Myers, Dane",667472,2024,28,95,108,25,15,6,1,3,36,8,33.3,7.4,".263",".442",".333","0.775",".226",".389",".335",".310",".305",".163","71.2",15.8,13.4,9.5,36.6,25.9,"7.2",1,8.5,5.3,48.1,30.5,"89.9","11.4",32.8,11.5,47.5,"100.494369677","94.535582623",29.4,44
"Rooker, Brent",667670,2024,29,546,614,160,93,26,2,39,177,59,28.8,9.6,".293",".562",".365","0.927",".263",".566",".392",".381",".339",".303","73.7",37.2,18,12.5,32.5,22.4,"7.1",29,11.7,-5.6,47.3,35.7,"91.9","18.9",38.3,16.7,49.6,"103.25238457","96.193453235",34.1,50.2
"Arozarena, Randy",668227,2024,29,549,648,120,67,33,0,20,169,73,26.1,11.3,".219",".388",".332","0.720",".213",".381",".320",".322",".330",".168","72.7",33.4,15.9,11.6,32.9,24.1,"7.4",15,9.4,-2.1,69.6,24.8,"90.4","13.2",28.4,8.4,43.5,"100.904108177","94.731331384",29.7,41
"Rogers, Jake",668670,2024,29,310,337,61,34,16,1,10,99,22,29.4,6.5,".197",".352",".255","0.607",".215",".420",".264",".299",".273",".205","70.7",6,13.8,9.5,38.8,26.8,"7.3",12,18.6,0.4,55.1,33.1,"89","15.7",32.9,9.9,41.8,"99.180639906","93.973828585",32.7,47.6
"Bleday, JJ",668709,2024,26,572,642,139,72,43,4,20,125,67,19.5,10.4,".243",".437",".324","0.761",".238",".413",".330",".322",".320",".176","71.7",16.5,15.5,11.8,35,26.5,"7.3",24,10.6,-8.3,54.1,29.5,"88.5","18.6",37.1,8.3,36.2,"98.959573229","93.527316345",26.1,45.3
"Steer, Spencer",668715,2024,26,574,656,129,71,34,4,20,137,72,20.9,11,".225",".402",".319","0.721",".234",".392",".316",".321",".327",".159","71.6",13.6,12.7,10,32.5,25.6,"7.4",21,9.3,-5.6,53.1,28.7,"88","17.4",34.2,6.4,39.9,"99.163434247","93.708755492",23.1,44.5
"Reynolds, Bryan",668804,2024,29,622,692,171,115,29,3,24,156,57,22.5,8.2,".275",".447",".344","0.791",".268",".472",".343",".353",".339",".204","71.6",17.1,17.4,12.7,36.6,26.7,"6.8",31,12.7,0.4,46.5,38,"89.9","9.4",37.5,9.6,45.4,"100.987209316","94.867542484",29.4,50.4
"McCann, Kyle",668832,2024,26,140,157,33,24,4,0,5,59,16,37.6,10.2,".236",".371",".318","0.689",".183",".363",".304",".279",".272",".180","73.6",37.2,16.8,9.6,35,20,"7.8",9,18.2,-2.9,42.4,33.5,"89.6","12.5",30.9,12.3,38.3,"100.534877805","94.549176173",45.2,45.9
"Martin, Austin",668885,2024,25,233,257,59,39,18,1,1,47,20,18.3,7.8,".253",".352",".318","0.670",".260",".350",".297",".303",".324",".090","66.9",1.1,8.6,6.8,45.9,36.4,"6.9",9,9.9,-5.4,51.4,39.9,"87.2","12.7",39.4,1.1,33.5,"96.642936413","92.431606902",21.4,45.5
"Vientos, Mark",668901,2024,24,413,454,110,61,22,0,27,135,33,29.7,7.3,".266",".516",".322","0.838",".241",".470",".356",".333",".301",".229","71.8",20.6,19.3,13,35.5,23.9,"7.6",18,15.5,1.3,57.5,32.2,"91.2","11.4",34.6,14.2,46.6,"102.544746312","95.741575567",34.4,49.9
"Lewis, Royce",668904,2024,25,292,325,68,36,16,0,16,74,28,22.8,8.6,".233",".452",".295","0.747",".238",".435",".317",".317",".302",".197","73.3",36.1,12.7,9.4,26.6,19.7,"7.7",13,8,-5.1,57.2,28.1,"87.1","16.8",36.3,11.2,37.7,"99.690144144","93.856491441",27,51.9
"Turang, Brice",668930,2024,24,559,619,142,107,24,4,7,105,50,17,8.1,".254",".349",".316","0.665",".261",".346",".294",".302",".323",".085","66.2",3.4,6.1,5.3,33.8,29.1,"6.1",12,1.1,6.1,25.9,30.3,"87","6.1",32,2.4,29.7,"96.869333063","92.521821874",13.8,47.7
"Rutschman, Adley",668939,2024,26,571,638,143,102,21,1,19,103,58,16.1,9.1,".250",".391",".318","0.709",".254",".405",".309",".320",".324",".151","69.1",6.4,10.6,9,35.7,30,"6.9",9,10.4,-2.6,48.6,36.4,"88.2","18.8",35.4,6.1,36.6,"98.081119454","93.149039684",17.1,44.5
"Rojas, Josh",668942,2024,30,422,476,95,66,19,2,8,108,46,22.7,9.7,".225",".336",".304","0.640",".221",".361",".286",".297",".303",".140","66.6",0.8,10,7.7,37.7,29.1,"7.3",15,13,-0.5,49,33.5,"88.2","15.5",35.6,5.7,38.2,"97.946263631","93.225198599",24.4,45.6
"Mitchell, Garrett",669003,2024,25,196,224,50,27,12,3,8,71,25,31.7,11.2,".255",".469",".342","0.811",".228",".372",".351",".311",".319",".145","75.7",58.7,16.8,10.9,26.8,17.3,"7.4",9,10.7,4.3,57.8,33.6,"88.8","2.8",34.6,8.7,37,"100.952074833","94.510744",34.8,44.4
"Melendez, MJ",669004,2024,25,412,451,85,42,23,3,17,113,35,25.1,7.8,".206",".400",".273","0.673",".237",".434",".292",".321",".302",".197","72.8",32.7,15.1,10.8,29.7,21.2,"7.7",14,9.8,-3.6,53.9,29.1,"91.1","14.6",29.1,8.4,45.2,"101.49620396","95.196771409",29.5,52.5
"Marsh, Brandon",669016,2024,26,418,476,104,68,17,3,16,154,50,32.4,10.5,".249",".419",".328","0.747",".233",".418",".326",".327",".318",".185","71.9",14.9,15.2,11.3,33.4,24.9,"7.2",4,10.2,0.7,41.7,39.8,"91.6","13.8",40.7,10,47.4,"101.08883194","95.182442734",27.5,41.3
"Stowers, Kyle",669065,2024,26,192,209,40,24,11,2,3,74,13,35.4,6.2,".208",".333",".268","0.601",".217",".374",".265",".291",".279",".157","73.7",33.2,17.4,11.6,26.9,18,"6.8",15,9.5,1.8,47.1,35,"91","12.3",36.1,11,51.3,"102.156753559","95.709246525",36.1,54.5
"Langeliers, Shea",669127,2024,26,482,534,108,59,18,2,29,145,41,27.2,7.7,".224",".450",".288","0.738",".237",".461",".315",".328",".302",".223","74.1",42,17.7,12.9,32.5,23.7,"7.3",7,12.3,-5.7,63.4,29.5,"91.3","16.3",35.3,12.8,44,"102.05460686","95.451719446",29.2,49.5
"Campusano, Luis",669134,2024,25,277,299,63,42,13,0,8,41,20,13.7,6.7,".227",".361",".281","0.642",".243",".372",".282",".298",".299",".128","69.2",7.2,12.2,9.9,36.8,30,"7.6",2,7.2,-0.1,59.1,25.7,"87.7","9.9",27.4,4.7,34.2,"98.345403475","93.277557745",20.5,50.9
"Murphy, Sean",669221,2024,29,233,264,45,29,5,1,10,67,27,25.4,10.2,".193",".352",".284","0.636",".211",".401",".281",".309",".300",".190","73.3",39,13.7,10,31.1,22.7,"7.9",10,12.1,-3.9,55.7,31.7,"88","10.5",25.7,9.6,36.5,"99.757961548","94.022077485",28.4,45.6
"Senzel, Nick",669222,2024,29,236,267,46,28,11,0,7,61,28,22.8,10.5,".195",".331",".283","0.614",".228",".361",".273",".301",".312",".133","68.8",3.1,6.5,5.3,32.3,26.1,"7.5",19,9.9,-0.9,54.9,32.5,"84","15.5",38.6,5.7,26.7,"95.746731264","91.876891724",23.9,47.1
"Wells, Austin",669224,2024,24,354,414,81,49,18,1,13,87,47,21,11.4,".229",".395",".322","0.717",".242",".439",".315",".343",".338",".198","72.4",21.7,16.3,12.1,31.4,23.3,"7.4",11,10.9,-2.3,47.8,34.5,"88.4","17.1",34.5,9.1,38.9,"99.723567259","94.070969368",27.3,49.3
"Malloy, Justyn-Henry",669234,2024,24,202,230,41,25,7,1,8,85,23,37,10,".203",".366",".291","0.657",".179",".341",".291",".272",".270",".163","69",4.7,10.1,6.8,27.2,18.2,"7",10,17.9,-2,46.8,41.2,"87.6","18.7",31.9,10.9,37.8,"98.290103167","93.208402605",36.6,43.9
"Edman, Tommy",669242,2024,29,139,153,33,21,5,1,6,30,11,19.6,7.2,".237",".417",".294","0.711",".217",".327",".307",".272",".277",".110","69.8",8.3,9,7,38.8,30.2,"6.9",5,8.5,0.1,52.9,26.9,"87.6","11.4",31.5,3.6,35.1,"96.992259821","92.61181955",24,46.2
"Smith, Will",669257,2024,29,476,544,118,72,24,2,20,105,51,19.3,9.4,".248",".433",".327","0.760",".238",".463",".326",".337",".322",".225","67.9",3.1,10.7,8.7,33.4,27.1,"7.2",27,13.2,0.4,60.5,34.6,"89.4","18.7",38.3,10.9,42,"99.318269153","93.929159392",20.9,46.2
"Suwinski, Jack",669261,2024,25,247,277,45,28,8,0,9,79,27,28.5,9.7,".182",".324",".264","0.588",".218",".370",".260",".298",".298",".152","73.3",32.7,12.5,9.2,27,19.8,"7.3",7,8.3,-3.7,41.8,32.9,"88.9","12.9",28.8,8.9,38.2,"100.854161429","94.49330497",27.4,46.5
"Espinal, Santiago",669289,2024,29,357,391,88,67,12,0,9,54,24,13.8,6.1,".246",".356",".295","0.651",".258",".355",".285",".295",".307",".097","66.5",2.8,6.7,5.7,35.5,30.2,"7.3",8,8.2,0.6,49.1,34.8,"85.9","15",35,1.9,24.1,"94.957566883","91.492088339",14.8,49
"Miranda, Jose",669304,2024,26,401,429,114,73,28,4,9,66,18,15.4,4.2,".284",".441",".322","0.763",".255",".412",".328",".311",".297",".157","71",15.6,13.4,10.8,36,29,"7.6",25,11.7,-6,68.5,25.9,"88.9","15.5",33.9,5.9,38.9,"99.359747765","93.786600855",22.5,52.3
"Gorman, Nolan",669357,2024,24,365,402,74,40,15,0,19,151,34,37.6,8.5,".203",".400",".271","0.671",".206",".440",".290",".308",".275",".235","73.2",30.2,14.1,9.3,26.1,17.2,"7.5",16,17.5,-1.5,48.4,35.8,"88.5","20.3",40.3,16.7,38.6,"100.727790741","94.443953953",38.7,51
"Edwards, Xavier",669364,2024,24,265,303,87,69,12,5,1,52,33,17.2,10.9,".328",".423",".397","0.820",".252",".328",".359",".300",".332",".076","64.5",0.2,5.1,4.3,37.4,31.5,"6.3",14,3.9,6.9,37,32.8,"86.1","6.7",37.6,1.8,24.3,"95.052217333","91.536547476",16.9,47.5
"Burger, Jake",669394,2024,28,535,579,134,81,23,1,29,150,31,25.9,5.4,".250",".460",".301","0.761",".253",".483",".325",".339",".305",".230","74.7",46.9,20.2,14.4,33.4,23.9,"7.5",17,8.4,-6.1,54.8,23.7,"91.3","13",32.4,12.4,46.8,"103.619986856","96.171144407",30.1,52.4
"Allen, Nick",669397,2024,25,97,105,17,12,4,0,1,20,5,19,4.8,".175",".247",".216","0.463",".202",".248",".207",".224",".241",".046","65",0,4.6,3.9,35.8,30.7,"6.5",7,5.8,-4.7,50.4,27.7,"84.4","8.9",25,1.3,17.5,"93.887057838","90.966985405",18.8,49.4
"Schmitt, Casey",669477,2024,25,107,113,27,16,4,1,6,25,4,22.1,3.5,".252",".477",".283","0.760",".245",".460",".323",".314",".277",".214","71.6",25.1,13.8,10.8,36.2,28.1,"7.5",5,10.5,-9.4,45.5,34.2,"89.2","16.5",31.3,8.4,36.1,"99.223205238","93.803955783",25,52.4
"Smith, Josh",669701,2024,26,523,592,135,91,30,1,13,121,46,20.4,7.8,".258",".394",".337","0.731",".242",".365",".323",".309",".325",".123","70.1",6.8,11.8,9.2,35.6,27.8,"6.8",11,13,-5.1,44.7,37.5,"87.8","15.4",33.7,3.7,37.1,"98.306997711","93.25999596",21.8,47.1
"Triolo, Jared",669707,2024,26,394,446,85,65,10,1,9,118,42,26.5,9.4,".216",".315",".296","0.611",".226",".347",".275",".296",".308",".121","70.5",6.2,12.8,9.7,30.3,22.8,"7.8",19,10.1,-2,51.2,39,"88.4","13.4",38.8,5.4,39.1,"99.388421871","93.892534424",27.4,47.7
"Hays, Austin",669720,2024,28,235,255,60,37,18,0,5,59,9,23.1,3.5,".255",".396",".303","0.699",".232",".380",".303",".294",".284",".148","72.6",24.2,18.1,13.2,33,24.2,"7.2",10,13.6,-5.1,64.4,29.4,"88.9","14.9",30.2,6.7,40.2,"100.415422697","94.347982429",29.1,54.4
"Call, Alex",669743,2024,29,99,113,34,22,9,0,3,19,12,16.8,10.6,".343",".525",".425","0.950",".242",".375",".412",".319",".336",".133","67.7",3.3,9.7,8.2,33.8,28.4,"6.8",6,8.3,3.9,47,31.4,"88","12.5",28.7,5,32.5,"97.21422775","92.66518325",18.8,43.2
"Toglia, Michael",669911,2024,25,399,458,87,45,14,3,25,147,54,32.1,11.8,".218",".456",".311","0.767",".241",".514",".329",".360",".331",".273","73.2",29.3,18.6,12.5,31.8,21.4,"7.5",21,15.1,-2.8,40.9,35.4,"92.1","15.1",39.2,17.3,50.2,"102.673791797","96.069366471",34.9,45.1
"Lopez, Nicky",670032,2024,29,398,445,96,80,12,3,1,67,37,15.1,8.3,".241",".294",".312","0.606",".227",".291",".275",".273",".299",".064","64.2",0.5,3.1,2.5,39.7,32.3,"6.7",16,8.7,8.1,60.3,27.9,"85","5.6",30,1.5,16.9,"94.065401402","91.042138226",19.4,48.5
"Raley, Luke",670042,2024,29,404,455,98,55,19,2,22,135,27,29.7,5.9,".243",".463",".320","0.783",".220",".433",".339",".321",".301",".213","75",50.8,16.8,11.4,27,18.4,"7.2",16,13.2,-4.1,61.8,31.5,"90.1","13.5",31.5,11.1,41.8,"101.696067615","95.042152538",34.5,51.8
"Mastrobuoni, Miles",670156,2024,28,98,106,19,16,3,0,0,17,7,16,6.6,".194",".224",".245","0.469",".264",".371",".214",".303",".311",".107","66.8",2.3,5.8,4.5,46.2,36.4,"6.5",1,6,2.9,43.9,33.4,"87.4","13.9",32.9,2.4,31.7,"96.319052927","92.222572963",20.3,41.5
"Wallner, Matt",670242,2024,26,220,261,57,26,17,1,13,95,24,36.4,9.2,".259",".523",".372","0.895",".230",".479",".385",".359",".347",".250","77.3",73.5,18.4,11.8,24.1,15.4,"7.3",15,11.9,-3.3,47.7,32.2,"92.8","21.6",38.1,17.5,53.2,"104.61196127","96.920236746",38.4,47.8
"Alvarez, Yordan",670541,2024,27,552,635,170,99,34,2,35,95,69,15,10.9,".308",".567",".392","0.959",".299",".607",".402",".415",".386",".308","76.5",63,22.4,18.2,34.3,27.8,"7.6",1,8.8,-6,42.1,35.1,"93.1","18.3",35.4,14.5,49.7,"104.097105087","96.703519522",19.9,47.8
"Paredes, Isaac",670623,2024,25,542,641,129,84,25,1,19,105,76,16.4,11.9,".238",".393",".346","0.739",".221",".350",".327",".309",".333",".130","68.2",4.8,6.5,5.4,28.9,24.2,"8",13,14.2,-16.7,53,32.4,"85","22.4",37,4.5,27.1,"95.875582928","91.952619865",17.2,44.7
"Walls, Taylor",670764,2024,27,218,252,40,31,5,3,1,67,31,26.6,12.3,".183",".248",".282","0.530",".183",".263",".245",".255",".283",".080","67.3",1.7,5.9,4.5,32.5,24.5,"7.2",8,12.7,1.1,59.9,33.8,"86.1","18.2",29.9,3.2,24,"95.086734605","91.544710263",25,45.1
"Friedl, TJ",670770,2024,28,297,341,67,48,5,1,13,52,26,15.2,7.6,".226",".380",".310","0.690",".223",".322",".305",".293",".313",".099","70.5",7.8,10.1,8.4,35.1,29.1,"6.8",11,9,-8.9,61.8,27.8,"86","16.7",29.9,3.2,31.5,"96.990036","92.527458326",17.9,43.4
"Herrera, Iván",671056,2024,24,229,259,69,51,12,1,5,53,25,20.5,9.7,".301",".428",".372","0.800",".291",".464",".351",".370",".368",".173","73.3",33.6,17.9,13.5,32.4,24.5,"7.5",1,7.3,2.5,44.3,33.6,"89.3","9.2",38.2,9,42.1,"100.658165843","94.599725311",24.8,43.6
"Casas, Triston",671213,2024,24,212,243,51,30,8,0,13,77,30,31.7,12.3,".241",".462",".337","0.799",".215",".447",".342",".327",".315",".233","74.6",49.3,13.6,9.5,28.9,20.2,"7.7",10,11.9,0.8,52.2,36.6,"90.2","10.5",35.6,13.3,45.2,"101.435410588","95.112485926",32.2,44.5
"Ramos, Heliot",671218,2024,24,475,518,128,80,23,3,22,135,37,26.1,7.1,".269",".469",".322","0.791",".245",".484",".339",".337",".302",".240","75.2",55.2,18.3,13.7,29.8,22.3,"6.9",28,8.5,3.4,46.7,32.9,"91.5","10.4",34.3,14.7,47.5,"102.620742924","95.895956716",28.7,50.3
"García Jr., Luis",671277,2024,24,500,528,141,97,25,1,18,86,27,16.3,5.1,".282",".444",".318","0.762",".275",".461",".328",".335",".312",".186","71.7",22.7,16.1,12.8,35.2,28,"7.3",10,10,1.6,61.1,29,"89.1","8.2",32.8,8,41.7,"100.167127696","94.249397672",21.3,51.7
"Freeman, Tyler",671289,2024,25,330,383,69,47,14,1,7,53,28,13.8,7.3,".209",".321",".305","0.626",".236",".345",".283",".307",".329",".110","71.7",17.4,13.7,11.6,36,30.5,"7.2",5,4.1,-4.7,38.4,35,"87.7","13",30.7,3.2,34.6,"98.573015071","93.423975986",16.4,46.9
"Butler, Lawrence",671732,2024,23,412,451,108,60,24,2,22,108,35,23.9,7.8,".262",".490",".317","0.807",".253",".473",".345",".341",".313",".221","74.2",43.6,17.6,13.1,32.1,23.9,"7.1",12,4,0.3,38.8,31.4,"91.1","11.3",35.1,11.1,47.4,"101.824301046","95.302256275",26.9,47.7
"Harris II, Michael",671739,2024,23,440,470,116,83,14,3,16,94,23,20,4.9,".264",".418",".304","0.722",".280",".468",".312",".346",".322",".188","74.7",48,19.5,15,30.7,23.5,"8.1",11,7.1,-2,49.5,29.8,"90.5","7.5",33.5,10,47,"103.329018908","96.053474224",25.1,55.1
"Bailey, Patrick",672275,2024,25,401,448,94,69,16,1,8,100,39,22.3,8.7,".234",".339",".298","0.637",".255",".404",".281",".322",".322",".149","71.3",13.2,15.6,12.1,36.2,28.1,"7.3",9,7.7,-0.8,40.9,33.7,"91.3","12.1",37.9,5.5,43,"100.739347483","94.770639073",23.4,48.1
"Siani, Michael",672279,2024,24,298,334,68,57,7,2,2,92,21,27.5,6.3,".228",".285",".285","0.570",".204",".270",".257",".246",".264",".066","68.9",5.9,6.8,4.9,32.2,23.1,"7.2",14,8.9,2.3,44,31.6,"84.4","5.1",32.6,2.3,22.6,"95.786961649","91.898789433",29.5,48.9
"Kelenic, Jarred",672284,2024,24,412,449,95,60,18,2,15,133,32,29.6,7.1,".231",".393",".286","0.679",".238",".424",".294",".311",".294",".186","72.7",24.8,16.5,11.1,34.8,23.5,"7.3",18,14.5,-1.2,55.6,32.9,"89.8","16",38.2,9.9,45.2,"100.297571631","94.504780603",33.4,49.9
"Arias, Gabriel",672356,2024,24,153,161,34,21,9,1,3,53,6,32.9,3.7,".222",".353",".255","0.608",".218",".376",".263",".279",".253",".158","74.5",47.5,14.2,8.8,25.1,15.6,"7.6",8,8,0.8,44.1,28.5,"89.7","5.6",35.6,7.9,36.6,"101.274794118","94.824434059",38.4,60.9
"Kirk, Alejandro",672386,2024,25,340,386,86,61,19,1,5,51,35,13.2,9.1,".253",".359",".319","0.678",".253",".403",".297",".329",".329",".149","70.1",12.2,14.2,12.2,36.7,31.6,"7",8,7.4,4.5,51.8,25.2,"89.4","10.8",34.6,6.7,40.9,"99.802023893","94.269440505",15.7,46.6
"Moreno, Gabriel",672515,2024,24,305,351,81,57,18,1,5,52,41,14.8,11.7,".266",".380",".353","0.733",".251",".393",".325",".329",".342",".142","70.6",13,14.8,12,36,29.2,"7",7,6.9,6.8,43.8,33.9,"90","8.8",33.6,6.6,41,"99.887726484","94.221263359",18.5,41.2
"Garcia, Maikel",672580,2024,24,575,626,133,94,27,5,7,103,42,16.5,6.7,".231",".332",".281","0.613",".259",".373",".270",".305",".309",".114","70.8",10.8,15.9,13.8,40.9,35.5,"7.2",12,4.6,4.6,45.6,28.3,"90.4","6.4",34.1,3.7,42.8,"100.050927426","94.39492241",15.7,43.4
"Lopez, Otto",672640,2024,25,403,434,109,79,23,1,6,75,25,17.3,5.8,".270",".377",".313","0.690",".272",".402",".302",".317",".315",".129","70.7",14,14.2,11.2,37.9,30.1,"6.6",19,6,1.8,48.2,30.6,"88","5.4",30.4,5.1,38.9,"99.482984485","93.902266182",21.9,51.4
"Perdomo, Geraldo",672695,2024,24,337,388,92,66,21,2,3,58,36,14.9,9.3,".273",".374",".344","0.718",".231",".326",".317",".287",".307",".096","66.9",2.2,7.6,6.6,38.4,33.6,"6.8",11,8.9,-1.4,50.7,35,"87","16.9",28.9,3.1,25.8,"96.084793623","92.044093913",12.2,40.5
"Pérez, Wenceel",672761,2024,24,389,425,94,63,16,6,9,92,32,21.6,7.5,".242",".383",".300","0.683",".240",".364",".299",".295",".300",".124","70.2",9.2,9,7.2,31.9,25.5,"6.9",4,6.6,-4,44.3,28.9,"88.4","18",37.7,4.4,30.6,"97.264471429","92.757975085",20.9,46.1
"Sosa, Lenyn",672820,2024,24,351,369,89,68,13,0,8,77,12,20.9,3.3,".254",".359",".283","0.642",".276",".432",".280",".321",".307",".156","71.7",17,12.5,10.1,33.3,26.9,"7.4",6,8.1,3.6,48.9,33.6,"89","12.3",42.2,6.1,41.2,"99.355197445","93.909530839",19.8,52.7
"Diaz, Yainer",673237,2024,25,585,619,175,127,29,3,16,107,24,17.3,3.9,".299",".441",".325","0.766",".296",".467",".329",".343",".324",".170","72.5",23.6,17.2,13.3,34.5,26.6,"7.4",17,11.2,3.9,59.2,30.8,"90.2","8.9",35,7.6,47.5,"101.297056214","95.034359505",24,58.8
"Robert Jr., Luis",673357,2024,26,393,425,88,55,19,0,14,141,28,33.2,6.6,".224",".379",".278","0.657",".211",".378",".285",".283",".268",".167","74.6",47.6,15.6,10.5,28.2,19,"7.7",12,9.7,-1.7,49.2,36.1,"90.1","13.5",35.6,9.9,40.7,"101.232868968","94.886076944",36.1,53.1
"Kim, Ha-Seong",673490,2024,28,403,470,94,64,16,3,11,77,58,16.4,12.3,".233",".370",".330","0.700",".245",".359",".308",".319",".344",".115","69",7.7,13.3,11.2,36.3,30.6,"6.8",7,4.4,-1.1,42.9,25.3,"87.9","15.1",36.6,4.8,35.4,"98.621780994","93.412597329",16.1,38
"Suzuki, Seiya",673548,2024,29,512,585,145,91,27,6,21,160,63,27.4,10.8,".283",".482",".366","0.848",".252",".464",".365",".348",".340",".212","73",35,18,13.8,33.4,25.7,"7.2",17,6.4,-0.9,47.3,30.1,"91.7","16.2",38.8,11.5,49.2,"102.565369326","95.834191408",24.5,39.6
"Jung, Josh",673962,2024,26,178,188,47,34,5,1,7,48,8,25.5,4.3,".264",".421",".298","0.719",".240",".409",".311",".296",".276",".169","72",14.6,10.7,7.5,35.5,25,"7.2",5,13.2,-0.1,60.4,36.8,"86.2","12.2",38.2,9.9,39.7,"97.932886515","93.114510916",31.9,51.9
"Westburg, Jordan",676059,2024,25,416,447,110,61,26,5,18,97,22,21.7,4.9,".264",".481",".312","0.793",".275",".499",".340",".355",".323",".223","71",11,16.5,12,37.5,27.2,"6.8",16,10.7,-3.3,64.6,30.3,"91.1","13.1",37.4,11.8,46.1,"101.801873375","95.272487",29.3,51
"Noda, Ryan",676116,2024,28,95,111,13,8,4,0,1,37,14,33.3,12.6,".137",".211",".255","0.466",".157",".275",".223",".254",".273",".118","72.3",26.4,13.4,9.3,24.7,17.1,"7.6",5,19.7,-5.3,44.3,34.8,"86.2","16",23.7,5.2,33.9,"98.772266786","93.479950357",33.8,42.1
"DeLuca, Jonny",676356,2024,25,332,362,72,50,12,4,6,77,24,21.3,6.6,".217",".331",".278","0.609",".229",".327",".269",".277",".289",".098","70.8",11.2,8,6.2,26.1,20.3,"7.6",11,8.3,-8,60.1,27,"84.6","16.2",32.7,3.9,28,"96.24111608","92.14905868",24,53.8
"Velázquez, Nelson",676369,2024,25,205,230,41,24,8,1,8,61,19,26.5,8.3,".200",".366",".274","0.640",".213",".403",".280",".307",".289",".190","73.4",34.6,13.6,9.1,31.9,21.4,"7.5",5,12.1,-5.1,62.3,30.3,"88.2","17.4",29.9,8.8,38.1,"99.364038514","93.836443129",35.5,46.5
"Clement, Ernie",676391,2024,28,434,452,114,78,21,3,12,41,11,9.1,2.4,".263",".408",".284","0.692",".251",".379",".297",".285",".274",".129","66.8",1,6.9,6.1,41.7,36.9,"6.8",13,10.6,-3.4,56.3,33.4,"85.5","16.3",34.3,3.8,24.9,"95.659056327","91.830379974",14.4,57
"Burleson, Alec",676475,2024,25,547,595,147,106,20,0,21,76,35,12.8,5.9,".269",".420",".314","0.734",".270",".444",".319",".333",".317",".174","71.2",18,13.3,11.1,37.2,31,"7.5",11,9.6,1.4,54.9,33.4,"89.7","13.6",34.3,6.5,41.7,"99.381927173","94.012155751",19.2,55.7
"Caballero, José",676609,2024,27,441,483,100,66,24,1,9,133,27,27.5,5.6,".227",".347",".283","0.630",".213",".317",".277",".267",".273",".104","69.7",15.6,8.9,6.5,28.2,20.6,"7",18,12.7,-5.2,53.8,32.6,"83.7","15.9",33.8,5.1,25.2,"96.196185563","92.133024917",28.9,50
"Meyers, Jake",676694,2024,28,461,513,101,65,20,3,13,117,35,22.8,6.8,".219",".360",".286","0.646",".233",".390",".285",".306",".301",".158","68.6",7.9,10.6,8,31.6,23.8,"7",30,9.4,-4.3,45.2,30.4,"88.2","14.4",34.8,6.9,37,"99.317270058","93.726741906",27,49.1
"McCormick, Chas",676801,2024,29,242,267,51,39,6,1,5,72,17,27,6.4,".211",".306",".271","0.577",".221",".361",".257",".286",".282",".139","70.8",12.6,10.5,7.4,28.8,20.2,"7.5",5,19,7.5,42.3,37.4,"86.2","15.2",32.2,7.5,32.8,"97.920374118","93.001741775",31.3,53.2
"Schneider, Davis",676914,2024,25,397,454,76,43,19,1,13,144,47,31.7,10.4,".191",".343",".282","0.625",".195",".367",".277",".293",".288",".172","69.8",6.1,10.4,7.6,30.1,22,"6.9",25,17.4,-1.1,52.3,33.1,"88.6","21.4",38,12,38,"98.986742636","93.569243488",30.6,42.5
"Kjerstad, Heston",677008,2024,25,99,114,25,19,2,0,4,33,10,28.9,8.8,".253",".394",".351","0.745",".212",".356",".327",".299",".316",".144","70.9",16,11.3,8,28.9,20.5,"7",4,12.4,1.1,49,37.8,"90.2","10.3",28.8,6.1,43.9,"100.595502727","94.562960909",31.1,55.6
"Rocchio, Brayan",677587,2024,23,383,442,79,53,18,0,8,90,44,20.4,10,".206",".316",".298","0.614",".210",".308",".276",".279",".302",".099","69.5",3.2,7.4,5.7,30.5,23.4,"7.3",9,10.1,-3.2,51.2,29.2,"84.6","9.4",36,4,22.3,"95.744136806","91.872068403",24.3,47.9
"Tena, José",677588,2024,23,161,168,43,35,5,0,3,41,7,24.4,4.2,".267",".354",".298","0.652",".252",".418",".286",".306",".283",".166","71.2",19.5,16.9,13.1,35.9,27.9,"6.9",3,7.7,-0.9,38.3,36.2,"91.2","7.6",30.8,8.3,49.2,"100.972500862","95.33151313",24,50.2
"Rodríguez, Julio",677594,2024,23,567,613,155,118,17,0,20,156,38,25.4,6.2,".273",".409",".325","0.734",".270",".467",".321",".345",".323",".197","76.3",63.4,20.6,14.5,29.6,20.8,"7.9",30,8.1,-2.9,47.2,33,"91.7","10.5",33.2,10.2,48.4,"103.553687536","96.325344116",30.9,54.3
"Duran, Ezequiel",677649,2024,25,268,285,66,52,11,0,3,63,14,22.1,4.9,".246",".321",".288","0.609",".215",".319",".270",".258",".258",".104","72.6",25.3,12.6,9.9,29,22.7,"7.2",10,6.4,1,46.1,25.7,"87.1","8.9",28.2,3.4,35.9,"98.680111262","93.37676239",24.7,56.4
"Abreu, Wilyer",677800,2024,25,399,447,101,51,33,2,15,125,40,28,8.9,".253",".459",".322","0.781",".229",".433",".336",".324",".304",".204","74.6",44.6,16,11.8,30.7,22.6,"7.4",17,11.1,-3,53.7,31.7,"91.6","19.2",33.7,11.2,50.5,"101.945020507","95.552365543",29.6,48.1
"Jiménez, Leo",677870,2024,23,179,210,41,26,11,0,4,59,12,28.1,5.7,".229",".358",".329","0.687",".225",".368",".308",".313",".326",".143","69.7",6.1,10.3,7.5,30.4,22.3,"7.4",2,8.9,1.7,47,34.5,"87.6","12.3",40.7,8.1,33.3,"97.300784098","92.763416942",27,46.3
"Alexander, Blaze",677942,2024,25,166,185,41,31,7,0,3,49,15,26.5,8.1,".247",".343",".321","0.664",".203",".290",".298",".262",".281",".087","73.1",30.4,11.5,8.1,28.2,19.9,"7.3",6,7.2,4.8,37.8,34.3,"88.5","8.5",22.9,3.4,34.7,"98.808795","93.553851293",29.6,51.5
"Thomas, Alek",677950,2024,24,95,103,18,9,5,1,3,17,7,16.5,6.8,".189",".358",".245","0.603",".277",".460",".262",".344",".326",".184","70.9",8.1,18.7,14.7,44.9,35.3,"7.1",5,10.8,-0.3,61.8,29.2,"91.2","1",26.6,7.6,46.8,"101.335202632","95.041754868",25.1,49.2
"Witt Jr., Bobby",677951,2024,24,636,709,211,123,45,11,32,106,57,15,8,".332",".588",".389","0.977",".309",".583",".410",".407",".373",".274","74.7",48.3,20.5,16.1,34.9,27.5,"7.1",16,5.9,-2.1,48.5,29.8,"92.7","15.1",35.7,14.3,48.3,"103.972880446","96.499868141",22.3,51.2
"Meadows, Parker",678009,2024,24,270,298,66,39,12,6,9,76,25,25.5,8.4,".244",".433",".310","0.743",".229",".388",".321",".301",".296",".159","70.5",9.6,11.4,8.6,31.3,23.5,"7.3",15,9.6,-4.7,50.4,31.6,"87","18.5",34.7,7.7,32.3,"97.956970619","93.056795751",27,45.5
"Vargas, Miguel",678246,2024,24,206,237,31,19,7,0,5,57,25,24.1,10.5,".150",".257",".249","0.506",".175",".301",".233",".265",".276",".126","69.8",8.3,7.2,5.8,28.7,23,"7.7",10,11.3,-3.5,62.2,36,"86.2","21.3",28.9,4.6,26.3,"96.03557","92.025289013",21.6,44.6
"Mead, Curtis",678554,2024,23,122,132,29,25,3,0,1,30,6,22.7,4.5,".238",".287",".282","0.569",".239",".357",".255",".282",".284",".119","74",42.9,16,13.1,28.2,23,"7.3",3,4.3,-0.1,43.5,30.2,"88.8","16.3",36.6,4.3,36.6,"99.411624468","93.833557742",23.5,52.4
"Tovar, Ezequiel",678662,2024,22,655,695,176,101,45,4,26,200,23,28.8,3.3,".269",".469",".295","0.764",".231",".410",".324",".291",".261",".179","71.3",18.9,11.8,8,30.6,20.9,"7.5",17,10.5,-2.3,48,36,"88.8","18.9",38.5,9,39.8,"99.306485852","93.964016332",33.5,62.3
"Noel, Jhonkensy",678877,2024,22,179,198,39,18,7,1,13,63,13,31.8,6.6,".218",".486",".288","0.774",".217",".444",".331",".325",".291",".227","78",77,13.6,9.5,20.2,14.1,"7.7",1,9.8,-13.1,52,30,"88.6","19.3",30.8,14.5,36.8,"100.792552542","94.452483077",34.2,54.1
"Rafaela, Ceddanne",678882,2024,23,544,571,134,91,23,5,15,151,15,26.4,2.6,".246",".390",".274","0.664",".227",".374",".286",".276",".257",".147","70.1",6.8,11.5,7.9,30.5,20.9,"7.5",24,14.1,-0.5,52.6,33.3,"86.6","14.9",34.9,7.5,36.9,"98.205036294","93.166643181",33,61.9
"Rojas, Johan",679032,2024,23,338,363,82,64,12,3,3,69,13,19,3.6,".243",".322",".279","0.601",".225",".304",".265",".258",".263",".078","71.3",21.3,12.7,9.9,32.4,25.2,"7.2",12,4.5,-0.8,48.1,20,"85.7","4.8",22,2.5,27.4,"97.163679462","92.590351731",22.7,48.8
"Torkelson, Spencer",679529,2024,24,342,381,75,43,21,1,10,105,33,27.6,8.7,".219",".374",".295","0.669",".209",".358",".295",".286",".285",".149","73.6",30.4,12.8,9.7,27.1,20.5,"7.5",10,10.5,-8.3,53.9,32.8,"89","20.2",31.5,6.8,39.7,"99.687498067","94.009349451",26.6,46
"Loftin, Nick",679845,2024,25,148,171,28,23,4,0,1,24,19,14,11.1,".189",".236",".282","0.518",".224",".307",".242",".286",".313",".083","69.5",2.3,9.2,8.1,33.7,29.7,"7.4",3,7.7,-4.7,54.5,33.3,"83.6","9.9",30.7,3.1,26,"95.328331587","91.737416905",15.3,42.8
"Blanco, Dairon",680118,2024,31,120,132,31,23,4,0,4,32,8,24.2,6.1,".258",".392",".308","0.700",".211",".382",".306",".284",".264",".172","74.1",43.6,18.7,12.8,32.1,22.1,"7.5",7,9.5,-0.5,56.6,30.3,"89","8.6",26.7,7.8,37.8,"99.654640732","94.051881852",32.9,52.3
"Schuemann, Max",680474,2024,27,396,459,87,66,14,0,7,119,47,25.9,10.2,".220",".308",".311","0.619",".221",".350",".281",".300",".314",".129","68.3",2.1,8.8,6.5,38.7,28.4,"6.7",15,12.3,0.3,61.5,32.3,"89","16.6",39.5,5.6,37.4,"97.729409209","93.097394065",28.5,42.5
"Palacios, Richie",680700,2024,27,264,316,59,45,8,1,5,67,45,21.2,14.2,".223",".318",".346","0.664",".247",".342",".303",".325",".367",".096","68.9",4.2,8.5,6.6,29.6,22.9,"7",9,9.1,-4.8,55.6,25.9,"86.2","14",36.4,3.5,30.3,"96.843483131","92.444278274",24.7,46.7
"Barger, Addison",680718,2024,24,208,225,41,23,11,0,7,60,14,26.7,6.2,".197",".351",".250","0.601",".226",".397",".262",".294",".278",".171","74.4",44.2,16.7,12.5,31.8,23.8,"7.5",5,7.8,0.7,45.3,32.5,"88.3","12.1",32.9,8.7,38.3,"100.557905","94.503054898",27.6,46.3
"Kwan, Steven",680757,2024,26,480,540,140,107,16,3,14,51,53,9.4,9.8,".292",".425",".368","0.793",".283",".392",".349",".337",".361",".109","64.4",0.4,6.3,5.8,41.7,38.6,"6.5",6,3.6,-2.9,36.6,35.8,"86.3","14.9",38.5,2.6,23.7,"95.04543782","91.531639359",8.2,39.1
"Duran, Jarren",680776,2024,27,671,735,191,108,48,14,21,160,54,21.8,7.3,".285",".492",".342","0.834",".267",".456",".357",".340",".326",".190","73.6",36.2,17.7,13.7,30,23.2,"7.6",21,3.9,3.2,36.2,29.4,"90.8","9.5",33.8,9.3,43.9,"101.928155512","95.341113209",24.8,48.3
"Jeffers, Ryan",680777,2024,27,412,465,93,50,22,0,21,94,32,20.2,6.9,".226",".432",".300","0.732",".224",".394",".317",".307",".300",".170","72.9",34.1,13.3,10.5,27.4,21.6,"7.5",23,9.5,-4.1,54.2,29.5,"86.9","16.2",31.7,8.3,33.8,"99.008221173","93.57098291",23.6,48.5
"Davis, Henry",680779,2024,24,104,122,15,10,4,0,1,45,13,36.9,10.7,".144",".212",".242","0.454",".152",".227",".213",".225",".250",".076","72.5",25.7,6,3.9,22.4,14.5,"7.4",5,11.5,-8.6,63.1,25.9,"85.3","17.2",29,4.8,35.5,"97.637210645","92.897598852",36.3,47
"Gelof, Zack",680869,2024,24,497,547,105,66,20,2,17,188,38,34.4,6.9,".211",".362",".270","0.632",".198",".353",".276",".273",".261",".155","71.6",11.7,12,7.8,30.4,19.8,"7.3",23,16.4,0.8,54.8,33.7,"89.2","14.2",34.4,8.9,37.2,"98.970921935","93.611147032",36.4,51.5
"Donovan, Brendan",680977,2024,27,587,652,163,112,34,3,14,81,47,12.4,7.2,".278",".417",".342","0.759",".275",".432",".332",".341",".341",".157","69.6",7.2,13.8,12,40.5,35.2,"6.9",14,7.7,0.8,49.6,30,"88.7","13.2",36.6,5.5,37.6,"98.552237391","93.418618597",15.1,44.2
"Stott, Bryson",681082,2024,26,506,571,124,92,19,2,11,93,53,16.3,9.3,".245",".356",".315","0.671",".254",".369",".296",".311",".326",".115","68.2",1.9,8.8,7.6,35.2,30.2,"7.1",22,6.5,2.2,47.4,31.9,"87","14",35.3,3.6,30.8,"97.149266143","92.631038831",17,44.1
"Bride, Jonah",681146,2024,28,232,272,64,43,10,0,11,55,30,20.2,11,".276",".461",".357","0.818",".224",".339",".351",".304",".319",".116","67.9",5,8.8,7.6,35.5,30.5,"7.2",7,13.4,0.9,61.9,29,"87.1","11.8",29.9,5.4,33.7,"97.444142826","92.857149348",16.7,38.2
"Cowser, Colton",681297,2024,24,499,561,121,70,24,3,24,172,52,30.7,9.3,".242",".447",".321","0.768",".230",".456",".331",".333",".312",".226","73.8",40.6,17,12.4,31.1,22.8,"6.9",23,13.9,0.2,44.2,38.8,"90.5","13",32.1,13.6,46.1,"101.838992303","95.374243739",30.4,44.5
"O'Hoppe, Logan",681351,2024,24,479,522,117,79,17,1,20,155,33,29.7,6.3,".244",".409",".303","0.712",".247",".462",".311",".333",".306",".215","70.7",17.4,14.6,10,32.9,22.7,"7.3",41,15.1,-2.4,54.3,33.9,"90.4","15.3",42.9,12,46.3,"101.233350982","95.0870388",33.6,52
"Norby, Connor",681393,2024,24,178,194,42,24,9,0,9,64,15,33,7.7,".236",".438",".294","0.732",".224",".448",".316",".316",".285",".224","70.1",9.2,10.6,7.3,24.7,17.1,"7.1",13,19,6.8,36.2,42.2,"86.2","17",47,14.8,39.1,"99.109980172","93.692715217",33.2,57.6
"Baldwin, Brooks",681460,2024,23,114,121,24,16,6,0,2,31,6,25.6,5,".211",".316",".250","0.566",".213",".350",".249",".264",".253",".136","71.2",8.4,9.4,7,28.3,21,"7.1",1,12.3,-0.3,63.6,30.8,"87.4","26.2",34.5,4.8,32.1,"96.86830625","92.495436709",24.9,57.5
"Carpenter, Kerry",681481,2024,26,264,296,75,36,16,5,18,75,22,25.3,7.4,".284",".587",".345","0.932",".260",".561",".390",".379",".327",".301","71.5",14.5,16.3,11.8,34.3,24.8,"7.5",9,17.7,1.1,49.6,34.6,"90.5","17.6",40.1,17.8,46.4,"100.928032292","94.944129215",30.3,50.5
"Outman, James",681546,2024,27,136,156,20,12,4,0,4,55,16,35.3,10.3,".147",".265",".256","0.521",".200",".334",".242",".290",".303",".134","73.1",31,11.1,6.9,25.4,15.8,"7.9",7,14.7,-5.3,47.3,34.2,"87.6","15.3",38.3,5,38.3,"100.237923902","94.412729136",37.1,47.6
"Pages, Andy",681624,2024,23,403,443,100,63,23,1,13,108,29,24.4,6.5,".248",".407",".305","0.712",".247",".433",".310",".324",".307",".186","73.1",27.8,14.2,10.6,28.1,21.1,"7.7",11,9.9,-4.1,50.7,41.2,"88.6","20.8",40.8,10.7,40.1,"100.310081745","94.262423423",26.1,51
"Fry, David",681807,2024,28,335,392,88,55,18,1,14,84,42,21.4,10.7,".263",".448",".356","0.804",".245",".406",".347",".330",".343",".161","70.5",9.3,12.5,9.8,29.2,23,"7.8",17,13.7,-2.8,62.4,32.2,"88.3","19.6",36.9,7.5,37.6,"99.146678031","93.715471417",24.8,49.2
"Schneemann, Daniel",682177,2024,27,193,221,42,25,10,2,5,70,25,31.7,11.3,".218",".368",".303","0.671",".208",".316",".295",".280",".298",".108","70.7",6.3,8.7,6.1,30.1,21,"7",7,13.2,1.8,53.8,33.9,"88.5","11.1",41.3,4.8,38.1,"98.405974921","93.326836825",31.7,49.1
"Marte, Noelvi",682622,2024,22,229,242,48,35,9,0,4,75,9,31,3.7,".210",".301",".248","0.549",".225",".353",".243",".272",".262",".129","73.1",33.6,12.5,8.6,26.8,18.5,"7.5",8,10.1,-4.9,54.2,32,"87","11.4",33.5,6.5,36.1,"98.631095256","93.351013935",32.1,54.1
"Alvarez, Francisco",682626,2024,22,308,342,73,46,14,2,11,86,30,25.1,8.8,".237",".403",".307","0.710",".218",".372",".310",".297",".291",".154","73.5",37.3,16.5,12,31.3,22.8,"7.2",8,4.2,-3.3,42.3,26,"88.8","6.9",27.2,6.7,42,"101.298215536","94.784205516",29.6,46.1
"Matos, Luis",682641,2024,22,150,156,32,22,5,0,5,24,5,15.4,3.2,".213",".347",".237","0.584",".239",".366",".250",".271",".262",".128","71.7",18.3,12.1,10.4,29.9,25.5,"7.2",2,5.5,-11.4,53.8,25.3,"86.9","14.1",29.1,3.9,37,"98.298414688","93.205182992",15.6,54.2
"Martínez, Angel",682657,2024,22,151,169,35,25,7,0,3,33,15,19.5,8.9,".232",".338",".298","0.636",".225",".323",".282",".281",".295",".098","69",6.4,6.1,5,31.4,25.7,"7.3",3,11.7,-3.5,49.3,34.5,"86.5","14.9",29.8,1.7,32.2,"96.829146271","92.477339068",19.8,48.6
"De La Cruz, Elly",682829,2024,22,618,696,160,89,36,10,25,218,69,31.3,9.9,".259",".471",".339","0.810",".237",".437",".349",".330",".319",".200","75.2",53.8,19,13.2,31.7,22.1,"7.3",31,9.6,0.5,52.7,35.2,"91.8","9.7",35.7,12.7,45.7,"102.95535404","95.90272362",33.4,43.4
"Ramos, Bryan",682868,2024,22,99,108,20,13,4,0,3,22,7,20.4,6.5,".202",".333",".252","0.585",".231",".376",".257",".291",".281",".145","72",20.5,19,13.7,42.2,30.4,"8.5",2,7.3,-3.4,60.2,27.6,"90.1","11.8",35.9,6.4,46.2,"100.595616667","94.750177179",29,43.8
"Abrams, CJ",682928,2024,23,541,602,133,78,29,6,20,128,40,21.3,6.6,".246",".433",".314","0.747",".243",".413",".322",".320",".314",".169","72.2",23.9,13.5,10.4,31.9,24.7,"7.5",32,12.4,-3,61.9,29,"88.2","15.1",33,7,40.7,"99.496479615","93.910198048",24.7,53.3
"Greene, Riley",682985,2024,23,512,584,134,77,27,6,24,156,64,26.7,11,".262",".479",".348","0.827",".249",".487",".355",".355",".338",".238","74.7",45.8,17,12.6,30.8,22.8,"7.2",7,11.9,0.4,43.6,43.4,"91.3","12.2",39.1,13.4,47.1,"102.088081676","95.54007409",26.8,44.3
"Carroll, Corbin",682998,2024,23,589,684,136,78,22,14,22,130,73,19,10.7,".231",".428",".322","0.750",".239",".401",".325",".328",".332",".162","73.7",36.9,18.4,14.6,34.9,27.7,"7",5,6.5,-0.3,53,22.5,"89.3","12",27.8,7.2,40.8,"101.055665665","94.755672366",20.3,41.4
"Henderson, Gunnar",683002,2024,23,630,719,177,102,31,7,37,159,78,22.1,10.8,".281",".529",".364","0.893",".279",".499",".381",".375",".364",".220","76.3",64.5,22.8,17.9,32.3,25.2,"7.2",20,8.3,2.9,47.4,30.5,"92.8","9.2",34.5,11.2,53.9,"104.002332911","96.835723291",24.4,44.2
"Volpe, Anthony",683011,2024,23,637,689,155,109,27,7,12,156,42,22.6,6.1,".243",".364",".293","0.657",".232",".335",".287",".278",".285",".103","69.3",3.7,10,7.9,32.2,25.5,"7.1",28,9.6,7.4,60.7,33,"87.7","8.4",33.3,3.9,35.4,"98.177841555","93.206482989",22.6,48.1
"Stefanic, Michael",683021,2024,28,110,124,24,20,4,0,0,20,10,16.1,8.1,".218",".255",".301","0.556",".206",".261",".258",".258",".290",".055","64.4",0.6,3.4,3.1,38.1,34.4,"6.3",3,3.1,2.7,29.4,33.5,"85.1","7",24.2,1.1,26.4,"94.514950889","91.314226629",10.5,41.5
"Baty, Brett",683146,2024,24,153,171,35,28,3,0,4,42,16,24.6,9.4,".229",".327",".306","0.633",".208",".347",".282",".284",".288",".139","73.5",38,8.7,6.5,19.4,14.4,"7.6",5,12.1,-0.7,41.8,38.4,"86.6","10.3",27.7,5.4,33,"99.354530364","93.683074727",26.2,50.9
"Vaughn, Andrew",683734,2024,26,570,619,140,90,30,1,19,132,38,21.3,6.1,".246",".402",".297","0.699",".240",".442",".304",".320",".294",".202","70.8",12,16.2,12.9,35.4,28.3,"7.6",12,9.7,-4.7,57.4,28.6,"90.3","16.6",33.6,9.3,43.3,"100.921632928","94.702971332",22,49.4
"Busch, Michael",683737,2024,26,496,567,123,72,28,2,21,162,63,28.6,11.1,".248",".440",".335","0.775",".217",".432",".336",".324",".309",".216","70.3",11.3,13.3,9.6,35,25.2,"7.3",18,15.8,0.7,43.9,37.9,"89.9","17.2",36.4,11.3,39.9,"99.992212321","94.35127744",28.4,45.2
"Frelick, Sal",686217,2024,24,475,524,123,95,22,4,2,78,39,14.9,7.4,".259",".335",".320","0.655",".246",".309",".292",".283",".308",".063","66.3",2.6,5.8,5.1,36,31.7,"6.9",10,5.6,0.6,40.9,30.3,"83.4","9.7",30,0.8,19.5,"94.439757846","91.272403907",12.9,41.5
"Pasquantino, Vinnie",686469,2024,26,496,554,130,79,30,2,19,71,40,12.8,7.2,".262",".446",".315","0.761",".264",".452",".325",".336",".320",".188","71.7",19.8,16.3,14.1,37.1,32.1,"7.4",10,9.6,-7,57.9,30.1,"91","14.6",31.9,7.1,46.5,"100.997993151","94.970921142",14.5,47.8
"Canzone, Dominic",686527,2024,26,168,188,33,18,7,0,8,53,18,28.2,9.6,".196",".381",".271","0.652",".212",".435",".280",".310",".286",".224","72.4",26.6,17.8,12.5,34.6,24.2,"7.6",5,16.2,-3.9,48.5,34.5,"89.9","9.1",31.6,11.1,44.4,"101.759585593","95.324768718",34.4,52.2
"Dunn, Oliver",686554,2024,26,95,104,21,16,2,2,1,40,6,38.5,5.8,".221",".316",".282","0.598",".206",".326",".266",".266",".268",".120","75.2",55.4,11.5,7.2,31,19.4,"7.6",2,11.5,-2,61.9,28.9,"89.1","6.6",33.9,5.4,46.4,"100.995258519","94.782023333",36.2,44.3
"Crews, Dylan",686611,2024,22,119,132,26,17,5,1,3,26,11,19.7,8.3,".218",".353",".288","0.641",".250",".422",".283",".327",".317",".172","72.3",16.2,18.3,14.3,39,30.5,"7.4",3,9.7,-2.9,51.9,27,"89","8.8",23.4,6.5,44.7,"101.319603191","94.909751613",22.8,44.6
"Doyle, Brenton",686668,2024,26,542,603,141,90,24,4,23,153,46,25.4,7.6,".260",".446",".317","0.763",".249",".442",".328",".330",".311",".193","70.9",8.1,15.2,10.8,34.3,24.3,"7.4",20,12.7,0.1,64.6,31.3,"89.2","13.2",37.4,10.5,41.4,"100.983223096","94.67619269",29.8,51.4
"Lee, Korey",686676,2024,25,377,394,79,52,14,1,12,122,17,31,4.3,".210",".347",".244","0.591",".209",".342",".257",".258",".243",".133","71.4",14,14.2,9.1,30.1,19.3,"7.2",17,9.6,-0.7,51,29.3,"88.3","9.6",34.1,7.5,37.6,"99.5141412","93.7992936",37.1,58.9
"Massey, Michael",686681,2024,26,332,356,86,53,17,2,14,56,15,15.7,4.2,".259",".449",".294","0.743",".256",".429",".317",".315",".294",".172","70.9",8.8,12,10.1,35.9,30.3,"7.2",6,12.9,-7,61.9,32.4,"89.2","16.8",34.4,7.1,36.9,"98.396031151","93.36810777",17.9,52
"Pagés, Pedro",686780,2024,25,202,218,48,36,3,2,7,58,13,26.6,6,".238",".376",".281","0.657",".223",".354",".286",".283",".273",".131","72",23.7,11.8,8.8,28.2,21,"6.9",8,5.7,1.5,38,31,"89","11.8",32,4.9,40.4,"99.177856111","93.608837639",26.1,51
"Lee, Brooks",686797,2024,23,172,185,38,28,6,1,3,27,11,14.6,5.9,".221",".320",".265","0.585",".243",".355",".252",".282",".287",".112","69.3",4.7,8,6.5,36.9,29.7,"6.9",5,8.7,-5,57.3,30.3,"85.8","12.5",36.7,4.1,24.5,"95.626582877","91.813291438",20.2,52.3
"Brennan, Will",686823,2024,26,330,353,87,64,13,2,8,48,19,13.6,5.4,".264",".388",".309","0.697",".267",".381",".303",".306",".312",".114","69",3.2,10.1,8.5,34.2,29,"6.8",22,5,0.2,43.7,30.1,"86","13.3",31.1,4.6,32.5,"97.132881418","92.582691388",18.1,54.8
"Grissom, Vaughn",687093,2024,23,105,114,20,17,3,0,0,24,7,21.1,6.1,".190",".219",".246","0.465",".250",".345",".213",".291",".301",".095","69.1",5.1,12.1,9.7,31.9,25.7,"7.3",6,8.5,-2.7,45.1,36.1,"86.1","8.3",41.5,4.9,32.9,"97.751728293","92.913035244",22.4,45.4
"Hernaiz, Darell",687231,2024,22,120,135,23,19,3,0,1,27,11,20,8.1,".192",".242",".261","0.503",".227",".285",".230",".276",".301",".058","68.6",4.1,13.2,10.4,37.1,29,"7.1",6,4.9,-0.6,47.7,29.1,"87.1","10.8",30.2,1,33.3,"97.671361702","92.890300968",24.9,46.5
"Neto, Zach",687263,2024,23,542,602,135,77,34,1,23,140,39,23.3,6.5,".249",".443",".318","0.761",".233",".421",".330",".319",".305",".188","71",14.7,13.9,10.4,33.8,25.4,"7.1",37,14.6,-6.1,56.5,33.4,"88.5","12.3",29,8.4,38.8,"100.130832864","94.28058907",27.1,48.9
"Scott II, Victor",687363,2024,23,145,155,26,15,9,0,2,42,6,27.1,3.9,".179",".283",".219","0.502",".202",".322",".221",".251",".243",".120","69.1",7,12.3,9.5,33.8,26.1,"6.7",7,11.2,-4.1,47.7,32.8,"88.4","12.1",33.3,5.7,33.3,"98.5566202","93.434588081",26.1,50.5
"Ortiz, Joey",687401,2024,25,440,511,105,63,25,6,11,103,56,20.2,11,".239",".398",".329","0.727",".232",".347",".319",".307",".327",".114","73.4",35.2,12.7,10.8,27,23,"7.5",8,2.2,1.4,35.6,26.8,"87.8","9.9",26.6,4.7,38.4,"99.391509467","93.766433018",17.1,39.4
"Horwitz, Spencer",687462,2024,26,328,381,87,56,19,0,12,70,42,18.4,11,".265",".433",".357","0.790",".250",".427",".344",".340",".346",".177","69.5",9.5,11.1,9.1,33.5,27.3,"7",10,9.4,2.6,44.7,37.9,"88.2","13.7",37.4,8,36.6,"98.212716794","93.175509618",19.4,46
"McCray, Grant",687529,2024,23,124,130,25,15,3,2,5,56,6,43.1,4.6,".202",".379",".238","0.617",".193",".353",".266",".257",".230",".160","72.7",25.8,12.4,7,24.8,14,"7.2",6,7.8,0.2,38.9,35.2,"90.2","5.4",30.9,11.8,44.1,"101.84831875","95.365513125",43.6,53
"Beck, Jordan",687597,2024,23,170,184,32,23,6,0,3,65,12,35.3,6.5,".188",".276",".245","0.521",".208",".332",".231",".265",".265",".124","71.4",14.6,11.1,7.4,27.4,18.4,"7.7",6,10.5,-1.4,55.3,32.6,"86.1","13.4",32.1,6.6,32.1,"98.643486981","93.335075283",34.8,53.6
"Encarnacion-Strand, Christian",687952,2024,24,116,123,22,14,6,0,2,35,4,28.5,3.3,".190",".293",".220","0.513",".238",".439",".223",".301",".266",".201","71.3",15.6,12.6,9.6,29.1,22.2,"7.2",1,15.4,-0.7,58.7,38.1,"87.8","15.5",27.7,8.5,37.3,"99.937348049","94.262071341",29.4,55.9
"Wisely, Brett",689172,2024,25,252,272,60,42,13,1,4,65,13,23.9,4.8,".238",".345",".278","0.623",".215",".325",".272",".263",".259",".111","67.5",3.5,9.2,7.2,33.2,26,"6.8",10,8.7,-3.4,41.6,33,"86.8","16.2",29.7,5.3,31.6,"96.94857663","92.51248388",22.5,49.5
"Keith, Colt",690993,2024,22,516,556,134,102,15,4,13,110,36,19.8,6.5,".260",".380",".309","0.689",".265",".398",".301",".314",".314",".134","71.3",14.3,13,10.1,35.4,27.7,"6.7",14,8.5,0.1,45.3,33,"87.8","11.3",34.6,5.6,35.3,"98.472613627","93.330372181",23.2,48.6
"Soderstrom, Tyler",691016,2024,22,189,213,44,25,10,0,9,53,20,24.9,9.4,".233",".429",".315","0.744",".235",".493",".322",".351",".318",".258","74.4",45.5,20.2,14.3,35.1,24.9,"7.5",9,13.5,0.7,52,30.6,"91.9","9.6",31.4,14.6,49.6,"102.485036087","95.728140219",30.1,48.7
"Walker, Jordan",691023,2024,22,164,178,33,17,10,1,5,50,10,28.1,5.6,".201",".366",".253","0.619",".206",".366",".268",".278",".260",".159","77.3",72,19.1,13.6,28.7,20.5,"8.2",9,5.5,-10.4,44.3,32.2,"91.2","9.4",29.3,9.5,43.1,"101.753692241","95.20491069",31.6,49.6
"Winn, Masyn",691026,2024,22,587,637,157,105,32,5,15,109,41,17.1,6.4,".267",".416",".314","0.730",".253",".363",".315",".296",".302",".110","70.2",11.5,12,9.9,32.2,26.5,"7.3",14,4.7,-1.9,39.8,28.4,"87","13.2",33.5,3.7,32.7,"98.144268452","93.085870398",19,47
"Caminero, Junior",691406,2024,20,165,177,41,25,9,1,6,38,11,21.5,6.2,".248",".424",".299","0.723",".234",".412",".309",".303",".286",".179","77.2",70.1,23,16.7,33.5,24.2,"8.3",14,5.3,-2.6,51.5,25.4,"89.7","6.8",25.2,11.8,45.7,"102.966914286","95.641090317",31.7,47.7
"Crow-Armstrong, Pete",691718,2024,22,372,410,88,59,13,6,10,98,21,23.9,5.1,".237",".384",".286","0.670",".221",".377",".289",".286",".273",".156","70.6",8,12.5,8.8,33.7,23.7,"7.2",10,14.3,0.2,47.7,35.3,"88.9","17.2",33.3,7.4,36.8,"98.797836565","93.630440766",29.9,60.7
"Gonzales, Nick",693304,2024,25,359,387,97,68,19,3,7,74,18,19.1,4.7,".270",".398",".311","0.709",".269",".415",".307",".322",".313",".146","71.1",12.9,14,10.8,32.8,25.4,"7.3",16,11.8,-0.4,56.4,32.6,"87.9","13",34.1,8,36.9,"98.826293958","93.505191185",24.9,56.2
"Chourio, Jackson",694192,2024,20,528,573,145,91,29,4,21,121,39,21.1,6.8,".275",".464",".327","0.791",".267",".431",".339",".327",".320",".165","73.2",34,17.7,13.4,34.4,25.9,"7.4",22,7.4,3.5,57.9,27.2,"89.7","7.6",33.2,7.8,44.9,"100.832969557","94.831073407",27.1,48.8
"Kavadas, Niko",694359,2024,25,93,106,17,11,2,0,4,41,11,38.7,10.4,".183",".333",".283","0.616",".183",".371",".278",".291",".283",".189","70.5",9,16.7,11.5,33.3,23.1,"7",5,17.9,0.4,53.8,40.2,"91.7","27.3",42.3,11.5,40.4,"100.778566538","94.892744038",34.1,39.1
"Schanuel, Nolan",694384,2024,22,519,607,130,98,19,0,13,103,68,17,11.2,".250",".362",".343","0.705",".253",".361",".315",".322",".348",".107","65.2",2.6,5.6,4.9,36.6,31.8,"6.6",13,9.1,1,46.4,39.2,"86.1","10.3",36.4,3.5,25.4,"95.305191333","91.662606993",14.4,41.8
"Loperfido, Joey",694388,2024,25,243,262,52,31,13,4,4,95,13,36.3,5,".214",".350",".264","0.614",".204",".315",".268",".256",".257",".110","72.9",27.2,10.8,7.2,26.1,17.4,"7.7",10,16.3,4.7,44.2,38.4,"88.3","12.9",40.7,4,34.7,"97.968544189","93.030415608",35.4,52.4
"Carter, Evan",694497,2024,21,144,162,27,14,6,2,5,43,15,26.5,9.3,".188",".361",".272","0.633",".204",".341",".278",".282",".287",".137","71",15.6,13.5,10.6,31.2,24.4,"7.1",2,5.8,-6.7,47.8,28.6,"86","13.9",33.3,5.9,32.4,"97.157820196","92.58927951",23.4,38.3
"Langford, Wyatt",694671,2024,22,499,557,126,81,25,4,16,115,51,20.6,9.2,".253",".415",".325","0.740",".252",".435",".321",".332",".326",".183","74.5",48.2,18.4,14.2,31.7,24.4,"7",8,11.2,-4.4,55.7,31,"89.6","16.6",31.3,9.4,43.4,"101.211098854","94.807365599",22.9,42.8
"Harris, Brett",695391,2024,26,103,123,15,9,3,0,3,25,17,20.3,13.8,".146",".262",".276","0.538",".184",".282",".252",".276",".308",".099","70.3",9.2,17.7,13.3,38.5,28.9,"7.2",1,7.1,-2.3,49.7,28,"87.4","12.8",26.6,5.1,36.7,"99.867260769","94.151668718",23.8,41
"Wood, James",695578,2024,21,295,336,78,52,13,4,9,97,39,28.9,11.6,".264",".427",".354","0.781",".265",".449",".342",".354",".355",".184","73.9",44.3,21.2,15.5,33.1,24.2,"7.4",17,8.6,4.1,38.3,40.1,"92.8","2.4",31.3,10.7,52,"104.677013333","97.028448782",29.6,38.2
"Goodman, Hunter",696100,2024,24,211,224,40,18,9,0,13,64,8,28.6,3.6,".190",".417",".228","0.645",".208",".413",".274",".283",".245",".205","74.9",50.6,10.9,7.7,22.5,15.8,"7.3",7,10.1,-8.6,69.9,24.1,"88.2","16.5",32.9,12.8,39.6,"100.1496636","94.135665034",31.5,58
"Young, Jacob",696285,2024,24,468,521,120,92,24,1,3,102,30,19.6,5.8,".256",".331",".316","0.647",".254",".323",".290",".291",".315",".069","68.2",1.4,8.9,7.4,35.7,29.4,"6.9",20,6.6,5.5,51.3,31,"85.8","4",28.1,1.6,28.9,"96.872142235","92.486924676",19.3,44.9
"Sweeney, Trey",700242,2024,24,110,119,24,15,5,0,4,32,7,26.9,5.9,".218",".373",".269","0.642",".213",".426",".279",".307",".269",".213","74.3",43.2,18.6,13.1,32.9,23.1,"7.7",2,11.9,-4.3,64.3,29.8,"91.1","12.8",27.8,9,46.8,"100.9056095","94.934800886",32.4,50.2
"Rice, Ben",700250,2024,25,152,178,26,13,6,0,7,48,20,27,11.2,".171",".349",".264","0.613",".229",".460",".269",".338",".317",".231","71.4",14.6,10.4,8.1,30,23.4,"7.4",5,12.2,-4.9,56.6,32.8,"90","17.7",34.9,15.6,36.7,"99.671896909","94.277701284",25.8,46
"Manzardo, Kyle",700932,2024,23,145,156,34,17,12,0,5,41,9,26.3,5.8,".234",".421",".282","0.703",".196",".390",".303",".276",".247",".195","71.8",13.1,13.9,10.4,34.3,25.7,"7.6",4,17.2,-5.3,46.6,37.1,"89.1","22.1",31.4,9.5,40,"99.627054528","94.056427333",27.6,46.7
"Merrill, Jackson",701538,2024,21,554,593,162,101,31,6,24,101,29,17,4.9,".292",".500",".326","0.826",".300",".547",".352",".375",".334",".248","72.2",21.6,15.1,12.3,30.6,24.9,"7.5",27,6.2,0.8,41.9,37.4,"90.4","14.6",39.6,11.3,43.9,"100.811784978","94.735707484",20.5,56.9
"Lipscomb, Trey",702358,2024,24,190,211,38,34,3,0,1,40,16,19,7.6,".200",".232",".268","0.500",".228",".294",".231",".271",".294",".066","69.8",11.3,11.8,9.1,33.1,25.5,"7.6",10,3.4,3,34.9,33,"86.5","0.7",23,0.7,31.6,"97.923016133","92.984215",25.3,50.8
"Holliday, Jackson",702616,2024,20,190,208,36,25,4,2,5,69,15,33.2,7.2,".189",".311",".255","0.566",".190",".337",".251",".263",".256",".146","71.2",10.6,14.1,9.7,35,24.2,"7.1",13,9,4.5,54.6,31.1,"89.3","8.6",27,8.2,45.1,"100.212039508","94.576202541",34.1,46.1
"Wilson, Jacob",805779,2024,22,92,103,23,19,2,2,0,10,8,9.7,7.8,".250",".315",".314","0.629",".267",".316",".281",".291",".329",".050","63.5",0.7,1.5,1.4,44.6,39.7,"6.2",4,5.2,-6.4,37,35,"85.4","9.5",26.2,0,19,"94.500835238","91.295347952",12.7,49.6
"Yoshida, Masataka",807799,2024,30,378,421,106,75,21,0,10,52,27,12.4,6.4,".280",".415",".349","0.764",".256",".408",".336",".327",".329",".153","70.9",15.2,13.3,11.7,34.1,30.1,"7.3",4,6.8,0.6,44.8,33.1,"88","10.5",36.3,5.5,37.5,"99.0909025","93.581912866",14.6,45.4
"Lee, Jung Hoo",808982,2024,25,145,158,38,32,4,0,2,13,10,8.2,6.3,".262",".331",".310","0.641",".276",".415",".284",".324",".324",".139","70.6",12.9,13.6,12.4,40.8,37.1,"7.4",0,6.5,-5.5,41.9,37.6,"89.1","9.2",29.1,4.5,41.8,"99.547595821","93.996025338",9.6,43.9
"Maldonado, Martín",455117,2025,38,147,161,30,20,6,0,4,57,8,35.4,5,".204",".327",".245","0.572",".192",".344",".251",".251",".234",".152","71.2",14.9,15.4,9.3,38.5,23.3,"7.6",8,15.1,-7.7,52.6,31.8,"86","16.1",30.2,9.4,28.1,"97.990749545","93.002430341",38.4,45.3
"Solano, Donovan",456781,2025,37,166,179,41,33,4,1,3,40,8,22.3,4.5,".247",".337",".291","0.628",".223",".320",".277",".259",".268",".098","65.9",1.3,8,5.9,34.4,25.2,"6.9",6,8.8,-1.8,37.6,33.9,"87.4","12.7",35.9,3.9,37.5,"97.96341","93.101891328",26.4,51.7
"McCutchen, Andrew",457705,2025,38,477,551,114,79,22,0,13,118,67,21.4,12.2,".239",".367",".333","0.700",".258",".415",".309",".333",".350",".157","71.1",12,14.2,10.8,31.8,24.1,"7.7",22,14.5,-0.8,53.2,34.5,"89.5","14.5",34.5,8.4,42.5,"100.124243278","94.328514568",26.2,45.6
"Turner, Justin",457759,2025,40,169,191,37,27,7,0,3,37,17,19.4,8.9,".219",".314",".288","0.602",".237",".360",".268",".297",".308",".124","66.3",1.8,4.8,4,33.7,28.1,"6.4",7,9,1.8,50.8,34.4,"88.3","17.9",38.2,3.7,30.9,"97.129182059","92.660234118",17.3,47.6
"Santana, Carlos",467793,2025,39,415,474,91,69,11,0,11,91,52,19.2,11,".219",".325",".308","0.633",".216",".346",".284",".290",".306",".130","71.3",17.1,13,10,29.4,22.6,"7.6",13,12.8,-5.6,64.5,26.7,"87.6","16.7",31.1,4.9,37.8,"99.228050732","93.64377436",24.3,45
"Rojas, Miguel",500743,2025,36,290,317,76,51,18,0,7,46,24,14.5,7.6,".262",".397",".318","0.715",".249",".358",".312",".293",".306",".109","68.1",4.3,10.4,8.7,40.3,33.8,"7.1",15,7.6,-4.4,49.3,32.1,"87.6","12.9",34.4,4.1,31.2,"97.377713277","92.731858692",17.9,44.9
"Pham, Tommy",502054,2025,37,392,449,96,68,17,1,10,94,50,20.9,11.1,".245",".370",".330","0.700",".246",".396",".308",".318",".332",".149","73.4",32.8,18.2,14.3,37.2,29.2,"7",10,8.2,-0.9,51.9,27.4,"91.6","6.9",32.7,6.6,47.2,"102.224109934","95.517309701",22.9,42.7
"Goldschmidt, Paul",502671,2025,37,489,534,134,92,31,1,10,100,36,18.7,6.7,".274",".403",".328","0.731",".266",".450",".316",".329",".321",".184","72.6",21.9,15.7,12.8,34,27.7,"7.6",9,9.7,2.4,51.4,31.9,"90.4","15.9",36.1,8,43.7,"100.708316256","94.748625913",20.5,47.8
"Altuve, Jose",514888,2025,35,588,654,156,105,24,1,26,109,55,16.7,8.4,".265",".442",".329","0.771",".237",".384",".331",".300",".305",".147","69.7",11,10.2,8.3,31.7,25.7,"7.6",12,15.3,-5.7,55.3,28.8,"85.1","17.7",29.8,6.2,30.9,"97.313797857","92.666821705",20.7,50
"Marte, Starling",516782,2025,36,293,329,79,56,14,0,9,68,22,20.7,6.7,".270",".410",".335","0.745",".248",".397",".326",".319",".322",".149","72.6",33.2,16.5,12.1,32,23.4,"7.3",10,8.7,-0.3,46.5,35.4,"87.6","10",32.6,7.9,40.4,"100.870151441","94.586623167",26.4,49.7
"d'Arnaud, Travis",518595,2025,36,213,231,42,23,13,0,6,74,13,32,5.6,".197",".343",".255","0.598",".192",".360",".263",".269",".252",".168","70.1",8,10.5,7.3,28.3,19.6,"7.7",6,14.9,-3.9,56.4,32.8,"88.2","17.9",34.3,11.4,37.9,"99.193355143","93.8755725",31.9,54.2
"Freeman, Freddie",518692,2025,35,556,627,164,99,39,2,24,128,60,20.4,9.6,".295",".502",".367","0.869",".268",".467",".370",".350",".345",".200","69.9",8.4,15.6,11.8,35.3,26.6,"6.9",13,10.7,1,46.4,43.1,"90.9","14.3",36.7,10.4,45.7,"100.776056343","94.869970093",27.3,51.9
"LeMahieu, DJ",518934,2025,36,128,142,34,29,3,0,2,35,14,24.6,9.9,".266",".336",".338","0.674",".245",".338",".304",".295",".320",".093","67.6",3.7,15.6,12.6,40.3,32.6,"7.2",10,5.7,12.6,48.4,28.3,"91.7","4.1",28,4.3,51.6,"101.062913913","95.603953804",22,42.1
"Stanton, Giancarlo",519317,2025,35,249,281,68,36,8,0,24,96,29,34.2,10.3,".273",".594",".350","0.944",".235",".520",".395",".354",".318",".285","80.6",97.3,26.1,16.5,30,19,"8.8",4,10.5,-4.2,62.1,27.9,"94.4","17.5",35.7,22.1,55.2,"107.633614026","98.832539221",37.4,41.4
"Perez, Salvador",521692,2025,35,597,641,141,76,35,0,30,125,28,19.5,4.4,".236",".446",".284","0.730",".269",".534",".311",".357",".314",".266","72.9",30.5,17.5,13.1,32.5,24.4,"7.9",22,12.4,-5.3,56.3,34.2,"90","18.1",35.7,14.8,46.7,"102.06590789","95.318358013",26.9,57.4
"Flores, Wilmer",527038,2025,33,419,463,101,75,10,0,16,88,34,19,7.3,".241",".379",".307","0.686",".225",".334",".302",".281",".294",".109","65.5",0.9,6.1,4.9,34.6,27.8,"6.9",17,11.2,-6.6,49.8,32.1,"85.9","18.8",35.6,4.8,26.9,"96.048525988","92.028912096",20.8,46.7
"Ozuna, Marcell",542303,2025,34,487,592,113,73,19,0,21,144,94,24.3,15.9,".232",".400",".355","0.755",".239",".448",".334",".354",".362",".209","72.9",31.6,14.6,10.9,31.8,23.7,"7.2",3,13.9,-0.9,53,36.8,"89.9","14.1",35.1,11.5,44.6,"101.322693218","94.957629109",25.8,39.4
"Berti, Jon",542932,2025,35,100,107,21,19,2,0,0,22,5,20.6,4.7,".210",".230",".262","0.492",".253",".323",".226",".280",".303",".070","72.3",21.9,13.6,10,32.2,23.8,"7.4",2,2.2,9.4,25,29.2,"87.5","1.5",30.8,2.6,37.2,"99.086163333","93.621396104",26.3,47.6
"Higashioka, Kyle",543309,2025,35,303,327,73,47,14,1,11,72,20,22,6.1,".241",".403",".291","0.694",".233",".394",".301",".295",".284",".161","70.9",9.6,13.8,11.3,36.3,29.7,"7.2",14,12.6,-6.8,55.1,32.3,"88.9","17.2",39.1,8.6,39.1,"99.057726983","93.733033983",21.9,45
"McCann, James",543510,2025,35,123,137,32,21,6,0,5,33,8,24.1,5.8,".260",".431",".324","0.755",".239",".408",".328",".313",".306",".169","71.7",19.3,20.5,14.2,37.7,26.1,"7",4,11,-3.6,45,36,"92.3","8.3",30.4,7.6,52.2,"102.050401522","95.553805275",30.2,49.7
"Semien, Marcus",543760,2025,34,470,534,108,76,16,1,15,93,50,17.4,9.4,".230",".364",".305","0.669",".243",".395",".295",".318",".321",".153","68.4",5.3,11.9,9.4,36.2,28.6,"7.7",24,15.8,-3.9,56.6,34.8,"88.3","19.4",35.8,6.8,35,"98.284177358","93.274231455",22.6,49
"Springer, George",543807,2025,35,498,586,154,94,27,1,32,111,69,18.9,11.8,".309",".560",".399","0.959",".291",".571",".408",".404",".384",".280","73.7",40.2,18.4,13.8,32.6,24.5,"7.5",13,13.2,-0.4,58,35.2,"90","17.2",41.2,16.2,47.6,"102.436288051","95.608566256",26.1,46.2
"Vázquez, Christian",543877,2025,34,190,214,36,26,7,0,3,35,18,16.4,8.4,".189",".274",".271","0.545",".210",".307",".248",".271",".291",".097","67",2.2,7.4,6.4,36.3,31.4,"6.8",7,7.6,-1.1,58.3,26.8,"85.9","15.3",35.7,3.8,27.4,"95.863345443","91.971705669",16.9,42.7
"Vargas, Ildemaro",545121,2025,33,115,121,31,25,2,1,3,15,2,12.4,1.7,".270",".383",".292","0.675",".262",".376",".292",".287",".284",".114","70.5",11.6,15.2,12.7,43,36,"7.4",8,5.7,-6.6,46.6,23.6,"89.2","3.3",26.5,3.9,37.3,"99.5403382","94.1288186",19.4,50.6
"Grichuk, Randal",545341,2025,33,272,293,62,34,18,1,9,61,17,20.8,5.8,".228",".401",".273","0.674",".259",".457",".289",".326",".305",".197","73.9",42.5,20,16.1,34.5,27.8,"7.7",9,10.2,-6.3,64.5,28.3,"92.4","17.6",33.6,11.7,49.5,"103.732042243","96.384131636",19.8,48.7
"Trout, Mike",545361,2025,33,456,556,106,65,14,1,26,178,87,32,15.6,".232",".439",".359","0.798",".236",".474",".343",".358",".364",".239","74",40.1,16.4,11.8,27.4,19.7,"7.5",25,7.6,0.2,44.8,36.4,"90.9","17.5",44.4,15.8,49.3,"103.439903451","96.179463887",29.9,38.8
"Harper, Bryce",547180,2025,32,501,580,131,72,32,0,27,121,70,20.9,12.1,".261",".487",".357","0.844",".268",".492",".361",".368",".364",".224","74.2",44.3,18.4,13.1,30.1,21.4,"7.3",15,11.6,-2.2,46.2,35.5,"91.3","11.6",37.6,12.3,47.5,"102.783123874","95.800004672",30.7,54.2
"Díaz, Elias",553869,2025,34,255,283,52,36,7,0,9,74,21,26.1,7.4,".204",".337",".270","0.607",".202",".333",".269",".267",".269",".131","72.8",29.4,15.6,10.5,30.5,20.6,"6.9",17,6.2,-4.4,49.6,29.1,"88.4","17.7",30.1,7.6,38.7,"100.068601667","94.206191006",34.2,52
"Suárez, Eugenio",553993,2025,33,588,657,134,57,28,0,49,196,46,29.8,7,".228",".526",".298","0.824",".211",".463",".347",".320",".285",".252","72.3",26.5,15.4,10.8,31.6,22.1,"7.8",57,18.5,-5.5,44.4,38.7,"90.2","21.9",32.8,14.3,47.6,"101.4773033","95.099828471",33.3,50.4
"Urshela, Gio",570482,2025,33,181,197,43,28,14,1,0,40,13,20.3,6.6,".238",".326",".287","0.613",".251",".349",".271",".286",".300",".098","68.6",5.4,10.2,7.2,35.8,25.2,"7.2",11,11,3.6,58.2,36.2,"86.9","10.6",41.7,2.1,34,"97.570132254","92.832189085",30.1,55.6
"Arenado, Nolan",571448,2025,34,401,436,95,64,18,1,12,49,28,11.2,6.4,".237",".377",".289","0.666",".245",".366",".287",".289",".298",".122","71.4",16.9,11.4,9.7,34,28.8,"8.4",16,10.5,-9,56.5,33.2,"86.8","19",31.5,4,32.6,"97.232838983","92.648981303",17.9,49.1
"Farmer, Kyle",571657,2025,34,277,300,63,41,14,0,8,66,17,22,5.7,".227",".365",".280","0.645",".228",".353",".282",".285",".284",".126","66.6",1.3,11.4,9.1,37.4,29.9,"6.8",10,12.7,-0.8,48.5,33.5,"87","15.3",37.6,6.2,35.2,"97.85606783","93.102847062",21.5,48.5
"Hernández, Enrique",571771,2025,33,232,256,47,29,8,0,10,68,18,26.6,7,".203",".366",".255","0.621",".221",".394",".268",".287",".273",".173","71.1",14.2,12.2,8.9,31.4,22.9,"7.5",9,10.3,-3.8,53.2,30,"90.3","16.3",32.9,9.5,37.6,"99.835463571","94.131469762",29,51.1
"Muncy, Max",571970,2025,34,313,388,76,45,10,2,19,83,64,21.4,16.5,".243",".470",".376","0.846",".238",".497",".366",".374",".374",".259","71.2",14.5,16,12.3,32.3,24.7,"7",12,17.9,-4.8,49,34.7,"91.3","19.6",37.4,13.6,51.5,"101.909755678","95.532473957",23.5,42.4
"Taylor, Michael A.",572191,2025,34,295,325,59,29,20,1,9,110,23,33.8,7.1,".200",".366",".259","0.625",".186",".380",".270",".271",".248",".194","72.4",26.7,16.9,10.6,32.4,20.3,"7.1",29,14.1,0.8,52.4,31.2,"90.8","17.9",37.2,10.5,42.9,"101.676094494","95.232601638",37.7,51.3
"Walker, Christian",572233,2025,34,585,640,139,87,24,1,27,177,40,27.7,6.3,".238",".421",".297","0.718",".233",".435",".310",".314",".294",".203","74.1",41.9,16.4,11.9,28.9,21,"7.5",54,9.1,-4.6,51.3,29.4,"90.9","16.9",34.5,12.9,46.1,"102.499785971","95.668558155",30.5,52.2
"Yastrzemski, Mike",573262,2025,34,477,558,111,65,28,1,17,108,72,19.4,12.9,".233",".403",".333","0.736",".237",".419",".321",".329",".338",".182","71.2",9.7,13.7,11.5,34.7,29,"7.5",15,10.9,-2.7,66.9,30.4,"90.8","20.4",35.6,8.5,42.6,"99.919347541","94.459655315",19,41.8
"Contreras, Willson",575929,2025,33,490,563,126,74,31,1,20,142,44,25.2,7.8,".257",".447",".344","0.791",".257",".488",".344",".358",".344",".231","76",62.1,18.3,13.2,29.1,21,"8",14,9.4,-1.8,47.3,32.8,"90.6","12.3",37.1,13.9,49,"103.153936457","96.033080457",28.9,48.5
"Iglesias, Jose",578428,2025,35,306,343,70,56,11,0,3,56,24,16.3,7,".229",".294",".298","0.592",".240",".313",".268",".281",".308",".074","68.9",9.3,7,5.9,31.6,26.3,"6.6",13,2.7,3.9,33.7,33.6,"84","3.9",27,2,28.5,"96.076090484","92.044981089",17.8,45
"Canha, Mark",592192,2025,36,113,125,24,20,3,0,1,24,7,19.2,5.6,".212",".265",".272","0.537",".214",".303",".244",".268",".283",".089","68.7",6.9,12,9.3,34.8,27,"7.4",7,11.4,-1,53.9,32.4,"86.6","19.9",25.3,2.2,33,"97.298217826","92.70554033",23.7,45.8
"Castellanos, Nick",592206,2025,33,547,589,137,91,27,2,17,133,32,22.6,5.4,".250",".400",".294","0.694",".242",".408",".300",".302",".290",".165","70.5",16.9,11.9,8.5,32.2,22.9,"7.7",17,15.1,-4.5,47,40,"87.8","15.2",39,7.6,34.5,"98.623467608","93.407329952",29.9,58.8
"Judge, Aaron",592450,2025,33,541,679,179,94,30,2,53,160,124,23.6,18.3,".331",".688",".457","1.145",".300",".708",".463",".460",".434",".409","77",71.6,25.1,16.9,34.2,23.1,"8.1",35,14.1,-6,50.8,38.4,"95.4","19",39.4,24.8,58.2,"106.838113247","98.650676124",34.6,43.7
"Machado, Manny",592518,2025,32,615,678,169,109,33,0,27,131,55,19.3,8.1,".275",".460",".335","0.795",".271",".495",".341",".355",".334",".224","74.5",43,22,16.5,35.4,26.6,"7.8",20,7.6,-0.3,54.6,26.5,"92.9","14.3",34.8,12.9,51.5,"103.43453","96.416401779",26.1,50
"Pederson, Joc",592626,2025,33,265,306,48,28,10,1,9,65,34,21.2,11.1,".181",".328",".285","0.613",".219",".393",".276",".315",".319",".174","73.4",33.2,17.2,13.3,32.5,25.1,"7.6",8,10,-5.8,56.4,28.3,"91.2","16.9",28.4,9.5,44.8,"101.989422727","95.472364192",25.2,44.3
"Realmuto, J.T.",592663,2025,34,502,550,129,90,26,1,12,129,35,23.5,6.4,".257",".384",".315","0.699",".253",".411",".307",".316",".313",".158","72",26.3,15,11.5,30.4,23.4,"7.5",16,12.4,1,52.8,34.2,"90","11.1",36.7,8.8,45.5,"101.254721596","94.894975239",24.3,48.6
"Renfroe, Hunter",592669,2025,33,99,108,18,12,6,0,0,21,8,19.4,7.4,".182",".242",".241","0.483",".193",".319",".219",".257",".254",".126","74.5",43.7,15,11.9,31.7,25.2,"7.6",3,9.1,-6.7,64.2,25.6,"88.5","17",24.1,6.3,35.4,"99.1918265","93.701721646",23.3,44
"Yelich, Christian",592885,2025,33,573,644,151,101,21,0,29,167,64,25.9,9.9,".264",".452",".343","0.795",".245",".439",".343",".330",".327",".194","73.4",35.6,18.3,13.2,32.4,23.3,"7.5",23,9.7,7,44.4,36.3,"90.2","1.9",31.2,10.3,46.4,"102.370284187","95.465991975",29.2,45.7
"Bogaerts, Xander",593428,2025,32,491,552,129,88,30,0,11,94,48,17,8.7,".263",".391",".328","0.719",".267",".413",".313",".327",".336",".146","72.2",26,15.7,12.6,36.3,29,"7.3",16,10.2,-6.9,52.5,31,"89","11.1",36.7,6.9,39.2,"100.19021209","94.233073607",21.3,41.9
"Polanco, Jorge",593871,2025,31,471,524,125,69,30,0,26,82,42,15.6,8,".265",".495",".326","0.821",".266",".464",".350",".343",".329",".198","71.2",14.5,18.6,14.8,39.1,31,"7.2",24,9.5,-10.6,56.6,30.5,"90.8","16.7",34.3,10.3,45.8,"101.532444745","95.138197245",23.3,46.3
"Profar, Jurickson",595777,2025,32,318,371,78,47,16,1,14,59,48,15.9,12.9,".245",".434",".353","0.787",".230",".390",".346",".325",".341",".160","70.9",18,11.6,9.6,29.6,24.6,"7.5",6,10.8,-7.6,56.4,30.9,"89","20",27,7.4,40.3,"99.565421094","94.049759844",16.9,44.7
"Báez, Javier",595879,2025,32,417,437,107,75,17,3,12,109,10,24.9,2.3,".257",".398",".282","0.680",".230",".358",".293",".270",".259",".129","73.5",34.4,16.3,11.7,30.2,21.7,"8.3",10,10,-5.6,50.5,30.3,"88.2","11.4",30.2,5.5,39.9,"99.167878141","93.685508232",30.7,55.1
"Hedges, Austin",595978,2025,32,155,180,25,17,3,0,5,43,18,23.9,10,".161",".277",".250","0.527",".177",".284",".239",".249",".265",".107","71.5",15.3,11.2,8,30.8,21.9,"7.6",8,13.2,-9.3,66.8,26.6,"88.2","25.1",30.5,3.4,32.2,"98.538487857","93.387313929",30.3,51.7
"Lindor, Francisco",596019,2025,31,644,732,172,106,35,0,31,131,65,17.9,8.9,".267",".466",".346","0.812",".260",".454",".350",".345",".342",".194","71",16.4,13.9,11.1,33.8,26.9,"7.5",14,11.1,-1.6,51.1,33.8,"90.5","15.1",34.6,8.9,44.4,"100.755824319","94.874493626",20.8,47.7
"Slater, Austin",596103,2025,32,148,160,32,20,6,1,5,51,11,31.9,6.9,".216",".372",".270","0.642",".247",".476",".280",".332",".299",".229","69.6",7,18.1,13.6,31.2,23.4,"6.8",9,10.1,5.5,53.5,37.4,"92","7.7",41.8,14.7,48,"102.50208234","95.83755734",27.1,49.8
"Story, Trevor",596115,2025,32,612,654,161,107,29,0,25,176,33,26.9,5,".263",".433",".308","0.741",".249",".421",".320",".311",".296",".173","71.1",14.2,16.4,11.6,31.2,22,"7.4",20,10.5,-4.5,46.2,29.4,"91.4","14.2",32.6,9.9,47,"102.418939954","95.643419306",29.3,54.4
"Sánchez, Gary",596142,2025,32,91,101,21,14,2,0,5,27,4,26.7,4,".231",".418",".297","0.715",".240",".421",".311",".315",".306",".181","73.1",33.8,21.3,15.9,36.1,26.9,"7.6",3,13.3,-7.8,62.1,29.4,"93.3","18.4",24.6,10.9,57.8,"103.08155625","96.651706563",26.7,42.4
"Kepler, Max",596146,2025,32,417,474,90,53,19,0,18,93,48,19.6,10.1,".216",".391",".300","0.691",".243",".443",".300",".332",".326",".200","71.3",16,16.6,13.2,36.7,29.1,"7.4",27,7.8,-7,44.6,31.8,"90.8","16.3",34,11.6,44.7,"100.626033742","94.610328405",23.5,48.1
"Urías, Ramón",602104,2025,31,352,391,85,57,17,0,11,88,27,22.5,6.9,".241",".384",".292","0.676",".227",".375",".292",".289",".283",".148","70.8",12.5,14.2,10.8,34.2,25.9,"7.7",15,13.7,0.3,70.6,27.1,"89.2","13.2",33.6,8.1,41.8,"99.727267941","94.199624375",26.2,49.1
"Bell, Josh",605137,2025,32,468,533,111,72,16,1,22,88,57,16.5,10.7,".237",".417",".325","0.742",".256",".485",".324",".359",".345",".229","73.1",34.9,18.6,14.6,34.4,27,"8",12,10.1,-2.9,58,33.7,"90.4","10.4",33.4,12.1,47,"102.549856474","95.682677968",23.6,47
"Betts, Mookie",605141,2025,32,589,663,152,107,23,2,20,68,61,10.3,9.2,".258",".406",".326","0.732",".267",".422",".318",".330",".335",".156","69",8,13.4,11.7,47.1,41.3,"7",30,9.2,-5.5,55.7,34.6,"89.1","18",37.7,5.5,35.8,"98.069345714","93.262709925",15.3,41.2
"Caratini, Victor",605170,2025,31,344,386,89,63,14,0,12,65,23,16.8,6,".259",".404",".324","0.728",".255",".425",".318",".329",".324",".170","72.3",23.6,16.3,13.3,37.6,30.7,"7",7,10.7,-3.6,56.8,34.9,"88.7","12.5",34.7,7.7,40.7,"100.008528662","94.285292852",19.8,46.6
"Martini, Nick",605361,2025,35,102,111,23,18,4,0,1,18,9,16.2,8.1,".225",".294",".288","0.582",".215",".292",".259",".253",".279",".077","69.7",3.5,9,7.6,34.7,29.1,"6.7",5,6.9,-1.2,50.6,30.4,"85.7","14.6",26.2,3.6,31,"97.063985476","92.605228313",19.1,44.9
"Arcia, Orlando",606115,2025,30,203,214,41,30,7,1,3,47,10,22,4.7,".202",".291",".238","0.529",".212",".295",".233",".240",".248",".084","70.6",15.1,12.4,9.6,29.4,22.7,"7.8",12,7.4,-0.3,57.5,26.8,"87.4","7",26.1,2.6,33.8,"98.674542078","93.369533182",24.8,54
"Hernández, Teoscar",606192,2025,32,511,546,126,71,29,1,25,134,26,24.5,4.8,".247",".454",".284","0.738",".250",".455",".315",".323",".291",".206","72.9",31,18.5,12.9,34.7,24.2,"7.8",26,10.4,-0.1,54.4,31.9,"90.2","9.9",34,11.5,46.1,"101.752887801","95.144195209",31.9,50.4
"Marte, Ketel",606466,2025,31,480,556,136,80,28,0,28,83,64,14.9,11.5,".283",".517",".376","0.893",".285",".534",".381",".390",".379",".249","74.6",45.5,19.3,15.2,35.6,28,"7.8",14,10.1,-7.2,61.5,32,"90.8","14.8",33,13.5,47,"102.65931603","95.815528287",22.5,45.3
"Nimmo, Brandon",607043,2025,32,587,652,154,102,27,0,25,141,50,21.6,7.7,".262",".436",".324","0.760",".252",".419",".329",".321",".317",".167","72.3",26.5,19.2,14.8,34.4,26.5,"7.2",22,6.6,2.1,47.9,29.1,"91.9","11.2",29.7,8.8,50.2,"102.56356141","95.897196556",23.8,47.2
"Turner, Trea",607208,2025,32,589,639,179,126,31,7,15,107,43,16.7,6.7,".304",".457",".355","0.812",".270",".410",".352",".321",".324",".140","71.2",17.8,14.6,11.2,33.5,25.7,"7.6",18,8.1,-3,60,27.9,"89.3","9.1",34.7,5.8,42.1,"100.109582645","94.284521756",24.8,51.4
"Stallings, Jacob",607732,2025,35,119,129,16,12,4,0,0,40,6,31,4.7,".134",".168",".195","0.363",".170",".234",".171",".211",".229",".063","67.1",0.4,3.6,2.6,32.5,23,"7.2",11,12.3,3.5,51.1,31.7,"85","10.6",31.3,1.3,26.3,"94.85299475","91.470348228",34.1,55.6
"Ramírez, José",608070,2025,32,593,673,168,101,34,3,30,74,66,11,9.8,".283",".503",".360","0.863",".284",".446",".359",".342",".362",".162","70.9",16.2,13.2,11.4,34.6,30.1,"7.2",18,8.9,-9.4,60.7,29.8,"88.9","19.2",36.4,7,37,"99.107451103","93.765336362",14.9,46.8
"Bregman, Alex",608324,2025,31,433,495,118,72,28,0,18,70,51,14.1,10.3,".273",".462",".360","0.822",".254",".427",".356",".337",".344",".174","71",9,15.2,13.3,43,37.5,"7.1",17,13.5,-5.1,65.8,28.1,"90.1","17.7",32.9,6.6,44.4,"99.354701257","94.200430932",15,40.6
"Kelly, Carson",608348,2025,30,369,421,92,61,13,1,17,80,45,19,10.7,".249",".428",".333","0.761",".236",".411",".332",".321",".322",".175","70.4",6.3,14.8,11.7,35,27.6,"7",2,11.7,-4,52.9,33.1,"88.8","16.4",34.8,9.6,40.3,"99.757056939","94.178120819",20.6,44.9
"Seager, Corey",608369,2025,31,380,445,103,63,19,0,21,87,58,19.6,13,".271",".487",".373","0.860",".285",".569",".365",".400",".386",".284","72.6",21.9,20.4,15,35.4,26.1,"6.7",21,12.8,3.5,54.7,34.2,"92.9","11.6",34.2,15.3,53.6,"103.909205676","96.729058034",27.9,49.9
"Refsnyder, Rob",608701,2025,34,182,209,49,28,12,0,9,54,24,25.8,11.5,".269",".484",".354","0.838",".243",".457",".359",".338",".331",".214","73.2",33.8,20.6,15.9,34,26.2,"7.6",6,12.2,-0.1,64.6,31.9,"92","12.1",34.6,12.3,52.3,"102.333693385","95.943907308",25.3,40.9
"Andujar, Miguel",609280,2025,30,321,341,102,74,17,1,10,49,17,14.4,5,".318",".470",".352","0.822",".259",".383",".354",".298",".299",".124","71.7",18.4,12.6,10.5,32.1,26.9,"7.8",8,6.3,-6.8,53.7,25.8,"88","11",31.8,4.7,35.4,"98.982146397","93.528504007",17.8,53.5
"Torrens, Luis",620443,2025,29,261,283,59,39,14,1,5,56,19,19.8,6.7,".226",".345",".284","0.629",".274",".454",".278",".338",".328",".180","70.8",8.9,17.9,14.5,36.1,29.1,"7.2",10,9.7,6.1,56.2,29.9,"90.6","6.2",35.9,10.7,48.1,"100.939072718","94.984531902",20.7,49.3
"Swanson, Dansby",621020,2025,31,590,645,144,93,24,3,24,168,47,26,7.3,".244",".417",".300","0.717",".267",".477",".310",".345",".323",".210","70.9",5.7,17,12.2,35.6,25.7,"7.4",29,15.6,-1.5,59.4,34.6,"90.5","13.3",36.9,11.7,47.8,"101.168222972","95.031771415",30.5,50.3
"Newman, Kevin",621028,2025,31,114,116,23,19,2,0,2,23,1,19.8,0.9,".202",".272",".209","0.481",".211",".283",".209",".218",".218",".072","68.1",2.6,6.8,5.7,36.4,30.7,"6.6",3,6.7,-2.4,45.8,31.7,"86.6","9.2",28.3,2.2,29.3,"95.824514565","91.955249121",17,52.4
"Taylor, Chris",621035,2025,34,113,125,21,12,7,0,2,42,5,33.6,4,".186",".301",".256","0.557",".205",".324",".250",".270",".275",".119","69.8",4.7,8.1,5.1,30.1,19.2,"7.1",11,12.6,-1.8,49.1,37.5,"85.9","18.6",38.9,6.9,36.1,"97.662010278","92.902285634",38.6,51.8
"Correa, Carlos",621043,2025,30,537,584,148,106,29,0,13,113,45,19.3,7.7,".276",".402",".332","0.734",".280",".439",".322",".338",".337",".159","73.8",37.9,18.3,14.5,31.5,24.9,"7.2",15,7.7,-1.5,41.7,33.1,"90.5","7.3",34.6,6.9,45.9,"102.338902322","95.568245592",22.3,46.4
"Taylor, Tyrone",621438,2025,31,310,341,69,46,18,3,2,76,16,22.3,4.7,".223",".319",".279","0.598",".257",".364",".264",".298",".311",".107","70.3",9.9,12,9.6,30.9,24.5,"7.5",6,8.1,-8.4,53,32.3,"86.5","19.4",40.6,3.8,35.1,"98.271444237","93.188807331",22.7,49.1
"Buxton, Byron",621439,2025,31,488,542,129,66,21,7,35,148,41,27.3,7.6,".264",".551",".327","0.878",".249",".514",".367",".350",".315",".266","75",50.5,20.3,14.5,31.9,22.7,"7.9",15,14.1,-6.2,57.9,34,"92.5","17.7",32.9,17.7,53.8,"103.649870983","96.632317826",31.3,51.8
"Ward, Taylor",621493,2025,31,579,663,132,63,31,2,36,175,75,26.4,11.3,".228",".475",".317","0.792",".231",".450",".339",".333",".320",".219","69.5",7.2,14.7,11.3,37.4,28.9,"7.1",26,9.1,-2.9,55.5,32.1,"90.1","18",34.9,13.7,42.7,"100.944753902","94.843614171",23.8,37.6
"Olson, Matt",621566,2025,31,624,724,170,98,41,2,29,176,91,24.3,12.6,".272",".484",".366","0.850",".249",".492",".366",".360",".347",".244","73.9",41.3,18.1,13.5,29.3,21.9,"7.5",21,8.7,1.1,48.2,33.9,"93.3","14.8",37.1,14.4,53.3,"103.816455133","96.735765819",26.2,45.3
"Heineman, Tyler",623168,2025,34,149,174,43,31,8,1,3,31,12,17.8,6.9,".289",".416",".361","0.777",".215",".293",".341",".273",".298",".079","66.2",0.7,7,5.9,29.8,24.9,"7.1",9,6.5,-12.5,45.1,28.9,"84.4","19.1",31.2,3.2,22.4,"95.366876724","91.715468261",19.3,53
"Santander, Anthony",623993,2025,30,194,221,34,23,5,0,6,61,25,27.6,11.3,".175",".294",".271","0.565",".188",".301",".255",".265",".286",".113","72",21,13.1,10.1,27.2,21,"7.2",4,7.9,-9.5,57.3,24.2,"89.6","18.5",27.6,4.5,41,"100.252058507","94.331401567",24.5,48.5
"Alonso, Pete",624413,2025,30,624,709,170,90,41,1,38,162,61,22.8,8.6,".272",".524",".347","0.871",".274",".572",".368",".386",".349",".299","75.3",53.4,22.7,17.2,33.6,25.4,"7.1",15,10.1,1.1,59.8,33.8,"93.5","15.4",38.4,18.9,54.4,"105.076411532","97.45647",25.6,46.3
"Conforto, Michael",624424,2025,32,418,486,83,51,20,0,12,121,56,24.9,11.5,".199",".333",".305","0.638",".233",".410",".287",".330",".336",".177","74",42.6,14,10.8,27.3,21,"7.3",7,10.2,1.1,47.8,32,"89.9","12.9",34.3,9.7,44,"100.8879832","94.86054311",24.9,45.1
"Frazier, Adam",624428,2025,33,419,459,112,85,20,0,7,81,26,17.6,5.7,".267",".365",".319","0.684",".244",".333",".300",".279",".298",".090","65.9",1.6,4.2,3.5,32.6,26.9,"6.9",16,11.4,3,45.6,39.2,"85.3","14.5",39.5,2,20.6,"94.597659294","91.299166588",19.7,51.3
"Trevino, Jose",624431,2025,32,282,302,67,43,20,0,4,39,15,12.9,5,".238",".351",".272","0.623",".242",".355",".271",".278",".279",".113","68.9",2.6,14.5,12,42,34.7,"7.2",12,9.1,-2.3,72.8,23.3,"87.9","10.9",29,4.5,40.7,"99.163307459","93.735879959",18.4,46.6
"McGuire, Reese",624512,2025,30,133,140,30,19,2,0,9,27,4,19.3,2.9,".226",".444",".245","0.689",".208",".359",".290",".254",".230",".152","70.7",9.8,9.2,7.2,33.2,26,"8.2",2,13.9,-7.9,51.7,32.7,"85.1","15.7",31.2,9.2,36.7,"97.746413462","92.967980769",22.7,55.1
"Soler, Jorge",624585,2025,33,279,315,60,36,12,0,12,94,28,29.8,8.9,".215",".387",".293","0.680",".204",".387",".298",".294",".285",".183","74",41.2,16.4,12,29.2,21.3,"7.7",8,8.4,-7.8,52.6,33.6,"89.7","13.8",31.9,12.8,42,"101.751590213","95.016723457",30.1,44.5
"Sosa, Edmundo",624641,2025,29,243,261,67,43,12,1,11,56,10,21.5,3.8,".276",".469",".307","0.776",".245",".391",".332",".290",".279",".146","72.3",26.2,14.4,10.8,30.8,23,"8.1",2,10.1,-2.2,56,33.9,"87.7","9.4",35.4,6.3,38,"99.677737979","93.987724064",25.7,57.1
"Ibáñez, Andy",628451,2025,32,176,193,42,30,8,0,4,26,12,13.5,6.2,".239",".352",".301","0.653",".254",".371",".289",".304",".315",".117","69.2",2.7,13.6,11.1,37.4,30.7,"7.2",4,6.5,-2.5,47.3,29.3,"88.9","12.6",32.5,4.6,36.4,"98.636547027","93.431222703",18.5,51.4
"Cronenworth, Jake",630105,2025,31,419,515,103,71,20,1,11,107,69,20.8,13.4,".246",".377",".367","0.744",".225",".353",".333",".319",".352",".128","70.9",15.5,11.9,9.7,30.2,24.6,"7",9,7.4,-0.7,36.5,31.1,"88.5","14.9",31.9,6.2,39,"99.15448481","93.790989905",18.8,42.7
"Bauers, Jake",641343,2025,29,183,218,43,27,9,0,7,59,32,27.1,14.7,".235",".399",".353","0.752",".234",".457",".333",".354",".354",".223","76.5",71.4,16.9,13,27.8,21.4,"7.7",7,12.1,-3,50,34.5,"91.7","16.6",36,13.7,45.6,"102.321269516","95.787091138",26.4,43.1
"Bellinger, Cody",641355,2025,29,588,656,160,101,25,5,29,90,57,13.7,8.7,".272",".480",".334","0.814",".250",".425",".347",".323",".317",".175","70.1",6.5,12.6,10.4,33.9,28.1,"7.8",10,12.9,-3.2,59.3,32.4,"88.3","18.5",37.1,7.5,37.9,"98.690370317","93.444149405",18.1,48.3
"Crawford, J.P.",641487,2025,30,570,654,151,115,24,0,12,122,74,18.7,11.3,".265",".370",".352","0.722",".266",".386",".322",".329",".354",".120","71.1",19.3,10.8,8.7,29.4,23.7,"7.2",7,4.7,1.7,36.8,36,"87.2","11.5",40,4.9,34.7,"98.225449369","93.184882725",20.4,45.1
"Fraley, Jake",641584,2025,30,191,217,46,31,9,0,6,49,25,22.6,11.5,".241",".382",".332","0.714",".248",".369",".316",".315",".338",".121","71.6",16.2,10.4,7.9,26.9,20.6,"7.1",3,9,-6.6,37.9,37.5,"85.2","17.8",39.4,5,34.5,"98.280407465","93.180021915",24.2,47
"Garver, Mitch",641598,2025,34,254,290,53,38,5,1,9,80,30,27.6,10.3,".209",".343",".297","0.640",".209",".371",".284",".298",".300",".163","71.8",15.8,16.9,11.9,38.2,27,"7.3",11,15.8,-8,62.3,29.3,"91.5","19.4",31.1,7.9,46.9,"100.635150112","94.896484576",30.7,40.8
"Heim, Jonah",641680,2025,30,395,433,84,59,14,0,11,88,32,20.3,7.4,".213",".332",".271","0.603",".219",".346",".266",".276",".279",".127","69",4.9,11.5,8.9,34.9,27,"7.5",15,11,0.4,59.2,28.6,"88.1","14.5",33.3,6.1,35.9,"98.278415548","93.298205016",24.2,49.7
"McMahon, Ryan",641857,2025,30,509,586,109,65,23,1,20,189,70,32.3,11.9,".214",".381",".312","0.693",".219",".419",".306",".322",".318",".201","74",40.1,17,11.4,31.3,21,"7.4",28,13.1,0.9,47.5,38.8,"93.3","13.9",35.3,12.1,50.5,"102.856311911","96.350240575",35.2,45.4
"O'Neill, Tyler",641933,2025,30,181,209,36,20,6,1,9,51,22,24.4,10.5,".199",".392",".292","0.684",".243",".523",".297",".360",".331",".280","74",34.6,16.2,11,31.9,21.8,"7.7",5,19.1,-7.3,47.1,35.8,"88.8","22.2",34.6,16.5,39.1,"100.510865075","94.485570376",31.4,47.4
"Palacios, Joshua",641943,2025,29,128,145,26,19,4,0,3,36,12,24.8,8.3,".203",".305",".292","0.597",".222",".359",".271",".299",".309",".137","72",22.8,14.1,10.4,25,18.4,"7.2",9,7.8,3.7,48.8,30.3,"88.3","11",29,8.7,39.8,"101.061781778","94.71795191",27.8,51.6
"Smith, Dominic",642086,2025,30,204,225,58,41,12,0,5,42,15,18.7,6.7,".284",".417",".333","0.750",".252",".398",".325",".306",".306",".145","67.7",4.1,11.8,9.3,36.7,29,"6.9",10,12.5,-4,52.6,35.2,"87.7","15.1",39.2,4.2,35.5,"97.948953012","93.092219394",22.2,49.4
"Tellez, Rowdy",642133,2025,30,289,312,66,38,11,0,17,83,17,26.6,5.4,".228",".443",".276","0.719",".234",".479",".307",".328",".286",".245","74.8",48.5,18.8,13.9,32.8,24.2,"8",11,8,-7.7,54.7,29.8,"91.2","14.8",36.8,15.3,46.4,"102.566534381","95.772612919",28.1,44.9
"Thaiss, Matt",642136,2025,30,156,190,34,26,6,1,1,46,29,24.2,15.3,".218",".288",".349","0.637",".197",".299",".298",".294",".333",".102","72.2",23,12.5,9.1,26.3,19.1,"7.5",9,7,0.9,52.1,27.7,"88.9","14.3",27.7,4.5,42.9,"99.981091636","94.296854587",28.9,48.2
"Wade, Tyler",642180,2025,30,107,127,22,19,1,2,0,31,15,24.4,11.8,".206",".252",".309","0.561",".185",".226",".262",".247",".291",".041","65",1.2,2.3,1.7,29.8,22.5,"6.7",5,7.3,-1.3,45.7,31.8,"82.6","8.3",28.7,0,15,"92.342291389","90.376605694",26.7,43.8
"White, Eli",642201,2025,31,256,271,60,39,8,3,10,70,11,25.8,4.1,".234",".406",".270","0.676",".251",".435",".290",".310",".288",".185","72.2",21.2,14.9,11.4,28.1,21.4,"7.2",15,9,2.4,46.7,34.4,"87.7","11.3",34.6,9.1,40.4,"100.120268901","94.122021978",26.2,52.9
"Wilson, Weston",642215,2025,30,111,125,22,13,4,0,5,34,12,27.2,9.6,".198",".369",".282","0.651",".251",".427",".288",".330",".329",".176","74.1",41.7,12.7,8.8,28.2,19.6,"7.8",2,15.1,-4.6,58.8,34.5,"89.4","14.4",38.5,10.3,41,"100.048028462","94.307998831",30.1,44
"Rosario, Amed",642708,2025,29,181,191,50,33,11,0,6,31,7,16.2,3.7,".276",".436",".309","0.745",".288",".439",".321",".331",".323",".151","73.2",29.9,15.6,12.3,35,27.6,"7.3",4,6.4,-4.5,50.6,30.1,"91.2","9.9",35.1,6,45,"101.6359032","95.1587738",22.2,55.9
"Adames, Willy",642715,2025,29,591,686,133,79,22,2,30,179,80,26.1,11.7,".225",".421",".318","0.739",".224",".435",".321",".327",".319",".211","72.1",19.8,11.8,8.7,29.2,21.4,"8.1",14,18.4,-3.9,50.3,35.3,"88.9","21.1",35.6,12.6,42.8,"99.897786476","94.18327716",29.2,46.7
"Estrada, Thairo",642731,2025,29,154,165,39,27,9,0,3,26,6,15.8,3.6,".253",".370",".285","0.655",".233",".322",".284",".264",".269",".089","71.8",18.8,10.1,8.1,32.6,26.1,"7.3",3,11.7,-4.8,55.9,30.4,"86.3","7",28.2,3.1,30.5,"97.262690923","92.709620231",22.8,54
"Wynns, Austin",642851,2025,34,103,110,30,16,8,0,6,32,5,29.1,4.5,".291",".544",".321","0.865",".233",".427",".365",".295",".266",".194","70.9",16.2,16.2,12.1,30.4,22.7,"7.5",4,13.4,-7.6,46.5,34.4,"88.6","13",35.6,9.6,46.6,"101.397520833","95.015625972",27.6,51.5
"Benintendi, Andrew",643217,2025,30,420,470,101,63,16,2,20,82,40,17.4,8.5,".240",".431",".307","0.738",".234",".430",".317",".320",".305",".197","68.7",3.1,12.8,9.8,38.6,29.6,"7.1",14,15.9,-5.1,54.7,32.5,"88","20.1",35.8,11.1,36.9,"98.278448655","93.238830702",24.5,50.3
"Dubón, Mauricio",643289,2025,30,369,398,89,61,21,0,7,42,24,10.6,6,".241",".355",".289","0.644",".247",".331",".283",".278",".294",".084","68.2",2.7,7.8,6.8,32.5,28,"7.4",10,5.5,1.1,45.9,29.8,"84.5","13.1",31.7,1.2,26.3,"95.584607","91.821087031",15.8,54.2
"Jansen, Danny",643376,2025,30,288,337,62,37,11,0,14,86,42,25.5,12.5,".215",".399",".321","0.720",".199",".356",".318",".299",".309",".157","69.5",5.9,10.7,8.5,32.3,25.6,"6.9",24,14.9,-5.1,62.4,29.8,"87.6","24",35.6,8.8,39,"98.68086","93.598515665",24,43.2
"Kiner-Falefa, Isiah",643396,2025,30,431,459,113,88,21,2,2,77,17,16.8,3.7,".262",".334",".297","0.631",".245",".304",".279",".262",".281",".059","66.6",1.2,9,7.7,34.4,29.6,"6.9",11,4.4,3.7,37.5,32.5,"84.6","4",29.7,1.4,27.5,"95.949940457","91.999728395",15.1,49.1
"McNeil, Jeff",643446,2025,33,399,462,97,59,21,5,12,55,49,11.9,10.6,".243",".411",".335","0.746",".266",".395",".324",".330",".355",".130","70.7",10.2,9.1,7.8,31.4,26.9,"7.3",17,8.6,-4.9,47.3,33.1,"87.2","15.9",38.9,5.1,32.9,"97.362971437","92.810539654",16.6,52.9
"Tauchman, Mike",643565,2025,34,335,385,88,61,17,1,9,86,45,22.3,11.7,".263",".400",".356","0.756",".244",".382",".335",".321",".339",".139","69.1",6,11.7,9,32.3,24.9,"7.2",16,8.5,1.1,48.1,34.2,"89","16.5",35.6,6.8,38.8,"99.55421704","93.9989049",24.3,46.8
"Albies, Ozzie",645277,2025,28,603,667,145,104,23,2,16,94,55,14.1,8.2,".240",".365",".306","0.671",".243",".366",".295",".299",".310",".123","69",7,8.1,6.6,35,28.4,"7.2",17,12.7,-5.3,58.5,34.9,"87.5","18.7",33.5,4.9,30.7,"96.947639144","92.546234163",20.8,54.1
"Robles, Victor",645302,2025,28,106,114,26,20,4,1,1,26,3,22.8,2.6,".245",".330",".281","0.611",".203",".292",".268",".237",".242",".089","67",1.6,6.3,4.7,31.5,23.6,"6.8",6,9.6,-3.2,47.9,33.3,"85.4","6.8",28,4.9,23.2,"94.92896125","91.626172785",25.9,60.8
"Herrera, Jose",645444,2025,28,166,204,31,23,6,0,2,47,23,23,11.3,".187",".259",".285","0.544",".169",".225",".251",".237",".273",".056","67",1.4,5,4,33,25.9,"7.2",5,7.4,-5.4,47.8,33.1,"83.9","16.2",30.8,0.8,22.6,"94.05191082","91.19759124",21.1,38.8
"Devers, Rafael",646240,2025,28,607,729,153,85,33,0,35,192,112,26.3,15.4,".252",".479",".372","0.851",".244",".487",".365",".367",".368",".242","71.6",19.8,17.9,12.3,31.5,21.7,"7.6",28,10,4.5,59.5,29.9,"93.5","12.6",34.6,16,56.1,"104.005280383","97.028150813",31.6,47.2
"Naylor, Josh",647304,2025,28,543,604,160,110,29,1,20,83,48,13.7,7.9,".295",".462",".353","0.815",".271",".436",".351",".335",".335",".166","71",17.9,16.3,13,39.2,31.2,"7.6",21,7.5,-8.3,44,31.4,"89.2","11.6",30.8,6.7,41.9,"100.123963879","94.317973693",22.1,53.9
"Toro, Abraham",647351,2025,28,259,284,62,42,13,0,7,42,14,14.8,4.9,".239",".371",".289","0.660",".253",".376",".286",".302",".309",".123","69.6",6,11.3,9.1,32.9,26.6,"7.6",6,11.2,-2.8,52.9,32,"86.3","13.4",32,4.5,34.2,"97.83336","92.947994955",20.4,49.6
"Urías, Luis",649966,2025,28,287,330,66,51,7,0,8,45,31,13.6,9.4,".230",".338",".315","0.653",".234",".346",".293",".300",".321",".113","69.4",7.9,9.5,8.5,36,32,"7.5",11,11.2,-2,71.3,27.8,"86.2","14.5",30.6,3.7,30.2,"96.770464065","92.415126898",13.3,42.2
"Arraez, Luis",650333,2025,28,620,675,181,139,30,4,8,21,34,3.1,5,".292",".392",".327","0.719",".287",".363",".313",".303",".324",".076","62.6",0.4,2.2,2.1,45,42.6,"5.9",8,5.6,4.6,40.2,37.4,"86.1","12.2",37.1,1.1,16.7,"93.590259064","90.800701323",5.3,49.4
"Torres, Gleyber",650402,2025,28,532,628,136,98,22,0,16,101,85,16.1,13.5,".256",".387",".358","0.745",".269",".462",".332",".363",".372",".193","70.2",11.8,14.5,11.8,35.9,29.2,"7.2",17,9.3,4.2,56.5,34.1,"90","14.3",38.6,8.2,39,"99.951681689","94.284674897",19.5,40.8
"Castro, Willi",650489,2025,28,402,454,91,60,17,3,11,111,40,24.4,8.8,".226",".366",".313","0.679",".234",".368",".302",".306",".321",".133","71.6",21.1,12.5,9.1,27.7,20.1,"7.2",13,7.7,-3.5,43.7,37.3,"86.7","11.2",36.6,6.5,37.3,"99.398738493","93.724594674",28.2,52.4
"Díaz, Yandy",650490,2025,33,583,651,175,120,29,1,25,92,57,14.1,8.8,".300",".482",".366","0.848",".285",".459",".364",".353",".355",".174","73.6",35.3,23.8,19.7,36.4,30.1,"7.6",9,2.9,7,35.3,24.4,"93","5",29.2,8.3,52.5,"104.837007886","97.11235376",17.9,44.4
"Rengifo, Luis",650859,2025,28,501,541,119,91,16,3,9,104,33,19.2,6.1,".238",".335",".287","0.622",".260",".375",".275",".302",".309",".115","69.5",7.3,10.9,8.5,34,26.7,"7.1",13,7.2,3.7,48.9,33.6,"87.1","6.7",34.7,5,32.7,"97.798023081","92.967555404",21.9,51.6
"Pozo, Yohel",650968,2025,28,160,168,37,24,8,0,5,22,7,13.1,4.2,".231",".375",".262","0.637",".246",".357",".275",".276",".277",".111","69.5",9.4,11.8,9.7,30,24.8,"7.7",9,6.8,-1.9,47,25.7,"87.7","17.8",29.5,2.2,35.3,"98.211883478","93.14336927",19.8,60.7
"Monasterio, Andruw",655316,2025,28,126,135,34,21,9,0,4,32,7,23.7,5.2,".270",".437",".319","0.756",".224",".363",".328",".280",".276",".139","68.4",2.2,8,6,35.2,26.7,"7",5,13.5,-4.4,52.6,34.8,"87","20.8",43.6,5.3,35.1,"96.826778511","92.50592129",26,47
"Adams, Riley",656180,2025,29,263,286,49,33,8,0,8,110,18,38.5,6.3,".186",".308",".252","0.560",".208",".350",".250",".275",".272",".142","78.3",79.2,18.2,12.4,23.5,16,"7.9",14,8.5,-1,40.4,34.6,"91.8","9.1",31.4,10.5,52.3,"103.494352237","96.418372697",34.6,48.3
"Chapman, Matt",656305,2025,32,454,535,105,59,23,2,21,126,71,23.6,13.3,".231",".430",".340","0.770",".243",".417",".336",".340",".352",".174","75",50.8,18,13.7,30,22.8,"7.5",20,5.6,-3.8,53.3,25.4,"92.2","15.7",34,9.9,47.6,"102.936609458","95.951665392",25.3,42.4
"Hill, Derek",656537,2025,29,134,149,29,20,6,0,3,48,9,32.2,6,".216",".328",".281","0.609",".232",".416",".272",".309",".295",".185","72.5",23.2,15,10.3,28.9,19.9,"7.3",9,14.4,0.6,45.8,35,"91.2","6.8",38.2,11.2,49.4,"102.004252619","95.738407229",33.5,53.5
"Hoskins, Rhys",656555,2025,32,279,328,66,41,12,1,12,91,38,27.7,11.6,".237",".416",".332","0.748",".220",".389",".324",".314",".322",".169","71",15.2,13.2,9.9,33.2,24.9,"8.2",21,16.8,-6.9,47.7,33.6,"90.2","22.1",39.7,10.3,46.4,"100.047500722","94.368500412",27.6,40.4
"Jackson, Alex",656577,2025,29,91,100,20,7,8,0,5,37,5,37,5,".220",".473",".290","0.763",".178",".362",".327",".270",".252",".185","76.1",62.8,17.9,11.6,24.1,15.7,"7.8",2,11.7,-8.7,51.2,30.8,"88.3","14.3",40.7,14.8,40.7,"102.546793333","95.380737963",38.9,50.9
"McKinstry, Zach",656716,2025,30,452,511,117,71,23,11,12,111,46,21.7,9,".259",".438",".333","0.771",".247",".358",".333",".305",".324",".111","67.5",1.9,9,7,30.9,24.1,"6.8",9,9.9,1.4,43.1,37.4,"85.7","14.1",41.2,6.1,30.5,"96.985648092","92.494690578",22.8,46.7
"Mullins, Cedric",656775,2025,30,435,498,94,53,23,1,17,120,50,24.1,10,".216",".391",".299","0.690",".207",".340",".302",".284",".294",".133","71.1",11,11.6,9,29.5,22.9,"7.5",15,11.3,-6,62.7,29.2,"88.8","23.3",32.7,6.2,35.9,"98.760333806","93.525071065",23.1,48.3
"O'Hearn, Ryan",656811,2025,31,474,544,133,94,21,1,17,109,58,20,10.7,".281",".437",".366","0.803",".269",".429",".349",".343",".357",".160","71.8",17.8,14.3,11.2,32.8,25.7,"7.1",18,11.2,1.7,43.3,33.4,"89.4","11.4",38.2,7.6,42.5,"99.566357446","94.072133569",23.3,46.8
"Rivera, Emmanuel",656896,2025,29,120,127,30,26,4,0,0,24,6,18.9,4.7,".250",".283",".291","0.574",".246",".312",".258",".267",".288",".066","68.3",3.2,8.2,5.9,38,27.1,"6.9",6,6.3,0.2,53.4,32.4,"86.7","11.6",38.5,1,32.3,"96.802193333","92.451264479",28.7,52.7
"Schwarber, Kyle",656941,2025,32,604,724,145,64,23,2,56,197,108,27.2,14.9,".240",".563",".365","0.928",".249",".581",".391",".401",".373",".333","77.3",77.1,24.7,17.5,32.2,22.8,"7.5",51,14.6,-5.8,64.3,30.3,"94.3","20.1",35.3,20.8,59.6,"105.678659216","98.063659265",33.1,41.8
"Smith, Pavin",656976,2025,29,244,288,63,37,17,1,8,92,41,31.9,14.2,".258",".434",".362","0.796",".215",".398",".348",".319",".327",".183","72",21.6,14.7,10.5,31.3,22.3,"7.4",22,13.3,0.9,51.9,32.7,"90.1","12.4",37,11.7,46.1,"100.556484935","94.576743052",31.8,40.6
"Thomas, Lane",657041,2025,29,125,142,20,14,2,0,4,44,14,31,9.9,".160",".272",".246","0.518",".168",".272",".235",".243",".256",".104","72.7",22.1,11.3,8,26,18.3,"6.9",6,9,-3.9,66.2,27.6,"87.8","23.5",26.5,4.8,31.3,"98.390208571","93.283397831",32.1,43.7
"Verdugo, Alex",657077,2025,29,197,213,47,37,10,0,0,31,14,14.6,6.6,".239",".289",".296","0.585",".266",".369",".264",".306",".322",".103","67.4",3.9,12.9,11.1,40.7,35,"6.2",3,1.8,-0.6,30.7,30.9,"89.9","9.9",34.9,3,42.8,"99.887519759","94.267966303",14.4,38.6
"Wong, Connor",657136,2025,29,168,188,32,24,8,0,0,42,16,22.3,8.5,".190",".238",".262","0.500",".221",".295",".230",".266",".291",".074","72.3",23.2,9.8,7.6,23.4,18.1,"7.3",10,11.6,-2.2,46.3,30.5,"85.5","10.4",28.7,3.1,31,"97.650525968","92.838836452",24.7,48.3
"DeJong, Paul",657557,2025,31,193,208,44,28,10,0,6,70,11,33.7,5.3,".228",".373",".269","0.642",".194",".351",".278",".259",".241",".157","72.2",16.4,11.2,7.7,26,17.9,"6.9",3,16,-4.1,52.8,34.7,"88.1","22.7",37.3,10.3,39.7,"99.616800317","93.875351032",33.2,57.2
"Laureano, Ramón",657656,2025,30,441,488,124,72,26,2,24,119,35,24.4,7.2,".281",".512",".342","0.854",".270",".518",".364",".362",".333",".248","72.2",22.3,16.5,12.3,31.7,23.7,"7",28,15.6,1,47.3,35.1,"90.3","13.4",37.1,13.9,49.1,"102.249268272","95.596059444",27.4,47.7
"Sheets, Gavin",657757,2025,29,492,545,124,76,28,1,19,107,44,19.6,8.1,".252",".429",".317","0.746",".263",".453",".323",".340",".331",".190","74.8",51.9,17.6,14.1,31.3,25,"7.7",20,8.4,-7.5,53.9,27.5,"89.9","14",38.8,9.6,46.5,"101.199157732","94.955729845",23,44.7
"Moncada, Yoán",660162,2025,30,248,289,58,31,13,2,12,75,32,26,11.1,".234",".448",".336","0.784",".217",".421",".339",".324",".323",".203","73.4",38.3,16.7,11.9,33,23.5,"7.4",13,12.2,-5.4,42.5,38.3,"89.8","15.1",37.1,14.3,43.4,"101.202542614","94.864336514",31.4,44.9
"Ohtani, Shohei",660271,2025,30,611,727,172,83,25,9,55,187,109,25.7,15,".282",".622",".392","1.014",".274",".649",".418",".425",".387",".375","75.8",61.9,26,17.8,36.4,25,"7.9",14,15,-2,53.3,36.9,"94.9","15",35.9,23.5,58.7,"106.126015352","98.277186118",33.4,45
"Acuña Jr., Ronald",660670,2025,27,338,412,98,64,12,1,21,102,71,24.8,17.2,".290",".518",".417","0.935",".263",".535",".403",".397",".396",".272","76.4",67.3,19.9,14.1,28.3,20.1,"7.6",17,11.9,6.2,50.9,38.7,"92.7","13.3",30.9,15.7,52.5,"105.047340254","97.260763686",30.3,46.2
"Ruiz, Keibert",660688,2025,26,255,267,63,49,12,0,2,26,8,9.7,3,".247",".318",".277","0.595",".271",".351",".262",".287",".301",".080","66.1",1,8.2,7.3,44.3,39.4,"7",2,10.4,-9,52.8,34.2,"86.2","11.3",31.3,2.2,30.9,"96.142920957","92.090094629",12.8,52.8
"Sánchez, Jesús",660821,2025,27,451,497,107,68,21,4,14,110,42,22.1,8.5,".237",".395",".304","0.699",".242",".441",".304",".323",".308",".200","75.9",58.8,18.7,14,30.4,22.9,"6.9",14,7.1,-1.8,48.2,27.8,"91.3","9.3",30.3,11.1,43.4,"102.78171462","95.681017749",25.9,49.2
"Rivas, Leo",660844,2025,27,90,111,22,18,2,0,2,24,20,21.6,18,".244",".333",".387","0.720",".183",".266",".333",".288",".337",".084","66.6",2.7,5.3,4,38.9,29.3,"7.1",3,15.4,-2.8,56.7,38,"86.3","13.1",33.3,3,19.7,"94.335269697","91.255144",22.6,34
"Contreras, William",661388,2025,27,566,659,147,102,28,0,17,120,84,18.2,12.7,".260",".399",".355","0.754",".248",".393",".332",".328",".348",".145","73.2",35,19.3,15.1,36.6,28.6,"7.1",27,10.6,3.3,65.7,29.2,"91.1","7",31.6,6.4,48.5,"102.570622124","95.839705166",24.2,46.5
"Varsho, Daulton",662139,2025,28,248,271,59,24,13,2,20,77,17,28.4,6.3,".238",".548",".284","0.832",".226",".494",".345",".327",".279",".267","75.6",56.2,15,10.6,28.8,20.4,"7.9",5,12.9,-3.8,62.4,29.8,"89.9","23.5",36.9,15.9,40.3,"101.929371512","95.29886564",29.8,54.8
"Jones, Jahmai",663330,2025,27,129,150,37,18,11,1,7,32,18,21.3,12,".287",".550",".387","0.937",".291",".547",".399",".399",".390",".257","73.6",37.6,19,13.9,30.5,22.4,"7.6",2,13,-5.8,59.5,29.8,"91.5","20",38.1,13.4,53.6,"103.078442292","96.185267813",26,45.2
"Perkins, Blake",663368,2025,28,155,171,35,24,6,2,3,47,15,27.5,8.8,".226",".348",".298","0.646",".223",".326",".287",".279",".296",".103","70",3.3,16,11.3,39.1,27.6,"7.1",4,8.8,3.3,56.5,30.3,"89.6","6.2",30.6,3.7,34.3,"98.425322941","93.623814314",28.4,38.8
"Nootbaar, Lars",663457,2025,27,509,583,119,81,24,1,13,119,64,20.4,11,".234",".361",".325","0.686",".231",".400",".304",".317",".323",".169","73.4",37.8,19.4,15.6,36,29,"6.9",20,9.2,-3.1,55.4,28,"91.3","16.5",33,10.2,50,"101.938818418","95.520290383",20.9,39.4
"Hoerner, Nico",663538,2025,28,599,649,178,138,29,4,7,49,39,7.6,6,".297",".394",".345","0.739",".292",".391",".324",".322",".341",".099","68.5",2.6,9.7,8.8,40,36.4,"7.2",16,5.9,-1.9,47.9,33.3,"86.7","12.5",36.1,2.4,30.3,"96.704418551","92.414274628",11.2,48.8
"Riley, Austin",663586,2025,28,416,447,108,71,20,1,16,128,27,28.6,6,".260",".428",".309","0.737",".246",".472",".318",".330",".298",".225","75.9",60.5,19.2,13.9,27.6,19.9,"7.6",18,10.8,-4.5,45.6,32.2,"92.3","16.8",37,15.2,50.2,"104.205844276","96.625096678",29.5,51
"Lockridge, Brandon",663604,2025,28,134,148,31,23,7,1,0,36,8,24.3,5.4,".231",".299",".276","0.575",".233",".314",".254",".267",".282",".081","71.1",17.3,9.6,7.3,28.4,21.5,"6.7",3,4.9,4,38.8,29.6,"87.1","2.3",26.2,2.9,32,"97.779298571","92.981448673",24.9,53.5
"Larnach, Trevor",663616,2025,28,503,567,126,84,24,1,17,122,53,21.5,9.3,".250",".404",".323","0.727",".247",".399",".317",".315",".321",".153","72.2",23.2,16.7,12,37.9,27.1,"7.3",19,8.3,-10.6,41.1,34.1,"90.9","10.9",34.9,7.2,45.7,"101.351578402","95.134984031",29.8,44.5
"Mountcastle, Ryan",663624,2025,28,332,357,83,58,18,0,7,98,15,27.5,4.2,".250",".367",".286","0.653",".253",".428",".284",".313",".293",".174","75.2",52.7,15.1,10.4,27.5,19,"7.5",13,7.4,-1.1,40.4,36,"90.7","9.1",37.5,11.7,47.1,"101.733937167","95.313543167",32,57.5
"Hayes, Ke'Bryan",663647,2025,28,527,570,124,100,16,3,5,111,36,19.5,6.3,".235",".306",".290","0.596",".238",".342",".266",".282",".295",".104","71.2",11.8,16.5,13.3,37.6,30.2,"6.8",11,4.3,1.5,43.4,26.5,"89.3","8.5",30.6,4.6,42.5,"99.789439561","94.118686822",19.9,44.1
"Tucker, Kyle",663656,2025,28,500,597,133,82,25,4,22,88,87,14.7,14.6,".266",".464",".377","0.841",".270",".483",".363",".372",".381",".213","72",23.6,15.2,12.5,36.1,29.7,"7.6",15,11.7,-8.1,49.5,33.9,"90.1","17.2",37.5,10.8,40.4,"99.768677067","94.192831928",20.2,45.2
"India, Jonathan",663697,2025,28,497,567,116,78,29,0,9,106,54,18.7,9.5,".233",".346",".323","0.669",".238",".378",".301",".315",".329",".140","72",23.5,13.6,11.3,32.7,27.1,"7.3",29,9.1,-4.6,61.2,28.2,"87.9","17.1",33,5.8,36.8,"99.096462296","93.637694783",19.9,40.3
"Bart, Joey",663698,2025,28,285,332,71,54,12,1,4,93,40,28,12,".249",".340",".355","0.695",".222",".380",".317",".318",".332",".159","74.3",44.2,16.4,12,29.6,21.6,"7.3",16,8.7,-1.2,43.6,34.1,"88.4","9",35.9,10.4,43.2,"101.710723021","95.09948901",28,40.3
"Raleigh, Cal",663728,2025,28,596,705,147,63,24,0,60,188,97,26.7,13.8,".247",".589",".359","0.948",".231",".547",".392",".371",".346",".316","75.2",54.7,17.4,12.5,27.8,19.9,"7.9",29,17.9,-8.2,45.2,34.3,"91.3","25.2",35.3,19.5,49.6,"103.037930049","96.182622409",31.5,51.7
"Fortes, Nick",663743,2025,28,218,242,50,35,9,1,5,47,14,19.4,5.8,".229",".349",".296","0.645",".215",".322",".286",".270",".282",".107","72",19.6,12.1,9.9,29.3,24.1,"7.3",5,3.5,-7.6,41.3,19.6,"87.5","13.4",29.9,4.6,37.9,"99.24272869","93.641201726",18.9,47.5
"Grisham, Trent",663757,2025,28,494,581,116,72,9,1,34,137,82,23.6,14.1,".235",".464",".348","0.812",".248",".498",".353",".370",".359",".250","71",11.5,18.3,14.6,37.8,30.1,"7.6",15,16.7,1.8,57.8,30.9,"91.1","16.4",34.6,14.2,46.4,"101.23838764","95.167728169",22.7,38.9
"Vierling, Matt",663837,2025,28,88,100,21,17,3,0,1,24,7,24,7,".239",".307",".310","0.617",".250",".436",".278",".338",".326",".186","71.7",11,15.6,13.4,32.7,27.9,"7.4",2,6.8,1.7,40.7,31.6,"92.2","20.4",27.3,12.1,45.5,"100.691921212","95.080868939",18.5,44.7
"Gonzalez, Romy",663853,2025,28,315,341,96,61,23,3,9,81,18,23.8,5.3,".305",".483",".343","0.826",".276",".480",".352",".344",".320",".204","74.3",44.7,25.4,18.3,38.1,27.5,"6.8",9,5.9,3.8,45.6,27.6,"93.3","5.5",33.5,12.6,57.3,"104.23239437","97.196095588",29.3,54
"Stephenson, Tyler",663886,2025,28,299,342,69,38,18,0,13,116,37,33.9,10.8,".231",".421",".316","0.737",".216",".413",".319",".313",".306",".197","70.1",4.9,14.2,10.3,31.6,22.9,"7.4",26,13.3,0.7,51.3,37.5,"90.5","12.9",42.2,14.5,49.2,"100.887212903","94.951515484",30.6,43.6
"Rodgers, Brendan",663898,2025,28,115,128,22,16,4,0,2,46,11,35.9,8.6,".191",".278",".266","0.544",".213",".391",".246",".296",".286",".178","74.1",40.4,18.8,11.8,30.5,19.2,"7.3",3,9.9,-8.2,56.2,31.6,"90.5","10.8",40,14.3,48.6,"101.904707429","95.241190286",37.8,47.2
"Mangum, Jake",663968,2025,29,405,428,120,98,18,1,3,64,19,15,4.4,".296",".368",".330","0.698",".251",".336",".307",".276",".288",".085","67.3",5.3,9.6,7.8,32.9,26.8,"6.5",8,2.3,11.6,31,29.2,"87.3","-0.7",26.5,2.7,33.4,"97.795184639","92.979726627",18.9,62.1
"Lowe, Nathaniel",663993,2025,29,540,609,123,79,23,3,18,159,62,26.1,10.2,".228",".381",".307","0.688",".229",".373",".301",".303",".311",".145","72.7",24.3,13.4,10.3,27.5,21.3,"7.2",28,6.6,7.9,47.2,30.1,"89","10.9",33.4,7,41.5,"100.389231563","94.465033629",24.7,44.6
"Happ, Ian",664023,2025,30,569,663,138,83,32,0,23,151,87,22.8,13.1,".243",".420",".342","0.762",".256",".457",".333",".354",".356",".200","71.7",17.2,16.1,12.3,32.7,25,"6.9",15,10.3,-5.5,46.5,32.7,"90","16.1",35.7,10.4,44.4,"101.384139763","95.030374418",24.6,43.5
"France, Ty",664034,2025,30,444,490,114,82,25,0,7,83,22,16.9,4.5,".257",".360",".320","0.680",".259",".425",".302",".328",".325",".166","71",14.7,15.8,12.7,34,27.5,"7.5",19,10.7,5.2,47.3,34.8,"89.5","10.5",35.2,7.7,44.2,"100.76941467","94.788930523",21.3,51.8
"Lowe, Brandon",664040,2025,30,507,553,130,80,19,0,31,149,38,26.9,6.9,".256",".477",".307","0.784",".253",".478",".334",".335",".307",".224","73.9",40.4,15.7,11,30,21,"7.2",31,14.8,-2.6,48.7,33.5,"91.1","15.2",37.6,13,46.6,"101.991060221","95.474542762",33.4,55.5
"Bader, Harrison",664056,2025,31,448,501,124,82,24,1,17,136,39,27.1,7.8,".277",".449",".347","0.796",".220",".374",".346",".297",".298",".154","73.5",37.1,15.2,11,28.3,20.5,"7.2",18,12,-5.4,50.1,25.4,"87.2","12.7",33,10.2,40.3,"100.565887134","94.337735112",29,47.9
"Haggerty, Sam",664059,2025,31,162,182,41,29,7,3,2,37,16,20.3,8.8,".253",".370",".328","0.698",".249",".362",".307",".304",".325",".114","71.8",22.4,15.6,11.7,31.8,23.8,"6.9",8,3,-0.5,31.3,32.2,"88.3","7",34.9,2.4,42.1,"99.873902459","94.182853197",26.3,50.2
"Moore, Dylan",664238,2025,32,219,243,44,28,5,0,11,82,20,33.7,8.2,".201",".374",".267","0.641",".191",".326",".280",".262",".261",".134","71.8",15,10.5,7.2,25.7,17.6,"7.2",16,7.7,-2.5,53.7,31.1,"84.8","21.3",34.3,8.6,34.3,"97.881551857","92.946941714",33.3,48.7
"Straw, Myles",664702,2025,30,267,299,70,51,14,1,4,50,19,16.7,6.4,".262",".367",".313","0.680",".252",".365",".299",".295",".303",".113","67.1",2.3,8.6,7.3,39.3,33.1,"6.8",11,6.6,3.3,44.8,35.8,"87.2","14.8",36.2,3.9,27.1,"96.079168692","92.074034626",17.3,47
"Isbel, Kyle",664728,2025,28,368,409,94,70,16,4,4,74,23,18.1,5.6,".255",".353",".301","0.654",".220",".290",".287",".251",".269",".070","70.5",9.2,15.1,12.5,33.4,27.6,"7.1",5,2.4,-4.3,36.1,24.4,"87.8","8.7",26.5,1.6,36.1,"99.661835734","93.907481368",18.2,46.5
"Bohm, Alec",664761,2025,28,464,504,133,101,18,3,11,82,29,16.3,5.8,".287",".409",".331","0.740",".275",".413",".322",".324",".325",".139","71.7",18.2,17.3,14.9,37.5,32.5,"7.3",11,5.4,4.5,47,29.7,"90.8","6.8",35.6,6.2,46.4,"100.707635803","94.852393109",14.6,48.2
"Lukes, Nathan",664770,2025,30,388,438,99,66,19,2,12,60,38,13.7,8.7,".255",".407",".323","0.730",".259",".392",".317",".315",".327",".133","68",5.4,11.1,9.6,35,30.3,"6.5",7,7.4,8,43.7,31.7,"87.9","11.2",30.8,4.8,37,"98.285858221","93.26684546",14,48.9
"Wade Jr., LaMonte",664774,2025,31,209,242,35,23,8,2,2,58,27,24,11.2,".167",".254",".271","0.525",".205",".321",".241",".281",".304",".116","70",7.8,10.8,8.6,34.5,27.5,"6.7",11,9.1,0.3,53.4,31.8,"89.7","21.9",33.8,4.5,31.8,"98.244666579","93.396152434",22.8,40.9
"McCarthy, Jake",664983,2025,27,206,222,42,26,7,5,4,40,10,18,4.5,".204",".345",".247","0.592",".239",".374",".256",".286",".280",".135","69.8",7.8,9,7.2,33.5,27,"7",3,8.4,-1.2,48.1,32.4,"84.7","6.5",28.2,5.3,27.6,"96.21972175","92.14488327",21.1,49.4
"Clemens, Kody",665019,2025,29,348,386,74,39,12,4,19,93,29,24.1,7.5,".213",".434",".281","0.715",".243",".465",".307",".331",".309",".223","72.2",17.6,18.3,14.2,34.6,26.9,"7.3",9,12.3,-2.9,66.1,27,"91.5","16.7",35.9,12,48.3,"102.245098819","95.890658268",23.9,48.4
"Peña, Jeremy",665161,2025,27,493,543,150,101,30,2,17,93,35,17.1,6.4,".304",".477",".363","0.840",".270",".432",".363",".334",".333",".162","72.3",15.7,19.9,14.8,40.6,30.2,"7.6",13,10.9,-8.2,62.8,30.4,"88.9","8.9",30,8.2,42.9,"100.3500578","94.382263083",27.1,51
"Tatis Jr., Fernando",665487,2025,26,594,691,159,105,27,2,25,129,89,18.7,12.9,".268",".446",".368","0.814",".272",".488",".353",".370",".372",".217","74",42.7,21.8,16.3,37,27.6,"7.3",32,8.3,0.8,56.4,29.8,"93.3","9.4",28.9,11,51.8,"103.844166724","96.718358423",27,45.9
"Guerrero Jr., Vladimir",665489,2025,26,589,680,172,115,34,0,23,94,81,13.8,11.9,".292",".467",".381","0.848",".300",".506",".366",".384",".390",".206","76.7",67.7,25.7,20.4,37.2,29.4,"7.6",8,1.2,-4.4,30.6,27.4,"92","7.8",33.7,12.2,50.7,"104.847490968","96.922139153",21.5,42.2
"Marchán, Rafael",665561,2025,26,105,118,22,16,4,0,2,17,10,14.4,8.5,".210",".305",".282","0.587",".213",".293",".264",".261",".285",".080","65.9",0,6.4,5.1,43.3,34.3,"7.5",6,11.3,-1.6,50,32.4,"85.6","11.1",26.7,2.2,22.2,"94.982321111","91.630902584",22.8,44.9
"Soto, Juan",665742,2025,26,577,715,152,88,20,1,43,137,127,19.2,17.8,".263",".525",".396","0.921",".288",".608",".390",".429",".417",".321","73.6",40.9,26.3,21.6,39.6,32.5,"7",36,10.9,3.8,65.9,28.1,"93.8","12",32.9,18.2,55.3,"104.539509412","97.232619389",22.4,35.5
"Taveras, Leody",665750,2025,26,171,180,35,25,6,1,3,50,5,27.8,2.8,".205",".304",".226","0.530",".198",".316",".230",".232",".220",".118","71.2",17,12.3,9.2,27.6,20.6,"7.4",1,6.3,-4.1,39.9,31.2,"88.5","21.2",27.2,6.4,35.2,"99.243581864","93.754772203",25.2,52.1
"Amaya, Miguel",665804,2025,26,96,103,27,14,9,0,4,22,4,21.4,3.9,".281",".500",".314","0.814",".244",".393",".346",".295",".282",".149","72.2",22.2,12.6,9.7,28,21.6,"7.7",2,11.1,-11.3,54.1,34.9,"86.4","18.6",38.2,6.6,32.9,"97.858989737","93.0655964",26,54
"Cabrera, Oswaldo",665828,2025,26,107,122,26,21,4,0,1,25,11,20.5,9,".243",".308",".322","0.630",".244",".297",".286",".284",".323",".054","69.3",1.6,10.6,7.9,39.4,29.6,"7.3",0,8.6,-0.8,59.3,32.1,"89.1","8.8",31,0,34.5,"97.700893415","93.00878321",24.3,48.5
"Cruz, Oneil",665833,2025,26,471,544,94,53,18,3,20,174,64,32,11.8,".200",".378",".298","0.676",".218",".425",".295",".324",".317",".207","78.8",78.3,24.7,16.7,32.3,21.8,"7.8",19,9.2,-7.3,47.8,33.4,"95.8","8.1",31.5,18,56.6,"107.307978467","98.8072552",34,41.6
"Valdez, Enmanuel",665839,2025,26,91,102,19,11,4,2,2,16,11,15.7,10.8,".209",".363",".294","0.657",".254",".411",".290",".327",".334",".158","70.4",7,17.2,14,38.8,31.5,"7.4",0,8.5,-4.9,58.7,27.4,"89.8","15.7",37.3,8,42.7,"100.139290263","94.238050933",21.5,43.8
"Chisholm Jr., Jazz",665862,2025,27,462,531,112,65,15,1,31,148,58,27.9,10.9,".242",".481",".332","0.813",".234",".481",".349",".346",".325",".247","73.9",41.9,16.3,11.2,29.6,20.4,"7.8",7,15.8,-6.1,56.8,32.9,"89","15.8",32.6,15,43.3,"100.93875057","94.67092819",32.2,47.1
"Giménez, Andrés",665926,2025,26,329,369,69,50,11,1,7,66,25,17.9,6.8,".210",".313",".285","0.598",".252",".361",".269",".308",".325",".109","69.3",7.1,8,6.2,31.2,23.9,"7",5,8.3,2.9,48.5,31.4,"86.3","11",32.6,3,27.7,"96.602269237","92.349003755",23.8,51.9
"Narváez, Carlos",665966,2025,26,403,446,97,55,27,0,15,111,38,24.9,8.5,".241",".419",".306","0.725",".220",".381",".315",".293",".288",".162","72.3",20.5,15.6,11.6,34.6,25.6,"7.6",15,9.2,2.4,54.1,30,"91.1","13.2",30.4,9.1,44.6,"101.53825034","95.342193367",27.7,48.9
"Aranda, Jonathan",666018,2025,27,370,422,117,81,22,0,14,107,41,25.4,9.7,".316",".489",".393","0.882",".291",".515",".381",".382",".374",".224","70.5",13.7,16.7,12.7,32.1,24.5,"7.3",9,10.2,3.7,56.1,35.6,"93","14.5",42.1,12.9,54.5,"102.687689924","96.267280418",24.9,48.6
"Fermin, Freddy",666023,2025,30,319,347,80,62,13,0,5,65,19,18.7,5.5,".251",".339",".297","0.636",".233",".336",".280",".271",".280",".104","69.6",5.3,10.7,8.5,33.1,26.3,"7.3",21,8.9,-0.7,49.5,34.5,"89.1","14.2",28.7,4.2,34.1,"98.499082764","93.418854228",23.5,53.3
"Jones, Nolan",666134,2025,27,355,403,75,54,14,2,5,113,39,28,9.7,".211",".304",".296","0.600",".224",".373",".270",".301",".309",".148","72.7",31.4,14.1,10.3,30.3,22,"6.9",14,8.9,-0.1,45.2,35.4,"90.8","13",35.8,8.6,46.7,"101.479686667","95.273598792",27.9,46.4
"Lowe, Josh",666139,2025,27,396,435,87,53,21,2,11,109,33,25.1,7.6,".220",".366",".283","0.649",".240",".370",".284",".298",".304",".131","72.4",27.5,10.1,7.3,26.9,19.5,"7.3",15,7.1,-0.4,45.6,35.9,"88.6","9.3",34.5,5.9,39.6,"99.41732007","93.945724064",28,54.5
"Fitzgerald, Tyler",666149,2025,27,217,243,47,32,10,1,4,70,17,28.8,7,".217",".327",".278","0.605",".192",".281",".269",".242",".256",".089","69.2",3.9,7.3,5.1,27.9,19.3,"7.4",9,13.6,-4.6,48.1,35.1,"84.5","17",30.5,4.5,27.9,"96.267063288","92.142678904",31.2,52.6
"Hamilton, David",666152,2025,27,177,194,35,24,4,1,6,47,13,24.2,6.7,".198",".333",".257","0.590",".209",".319",".260",".260",".267",".110","70.5",10.4,11.2,8.9,32.1,25.7,"7.3",14,6.9,-4.7,45,30,"86.6","14.3",27.8,6,27.8,"97.096658438","92.584142835",22.7,44.5
"Lux, Gavin",666158,2025,27,446,503,120,85,28,2,5,114,56,22.7,11.1,".269",".374",".350","0.724",".243",".336",".322",".299",".327",".092","69.6",5.1,12,9.8,34.5,28,"7.4",32,11.3,2.5,45.4,33.3,"88.3","9.6",38.1,3.6,36.9,"97.799033473","93.010295676",21.6,42.7
"Moniak, Mickey",666160,2025,27,434,461,117,65,20,8,24,110,22,23.9,4.8,".270",".518",".306","0.824",".262",".497",".348",".337",".299",".235","73.8",37.4,16.9,12.5,33.2,24.6,"7.7",19,11.6,-4.3,46.9,33.6,"89.7","17.4",37.6,13.8,45.3,"101.40795773","95.080857415",28.2,56.5
"Rortvedt, Ben",666163,2025,27,112,128,17,13,3,0,1,23,11,18,8.6,".152",".205",".240","0.445",".185",".246",".211",".240",".270",".062","68.8",4.9,8.1,5.9,22.3,16.1,"7",2,10.8,-0.9,59.7,28.9,"81.2","13.6",23.9,3.3,19.6,"93.114169535","90.907202471",25.4,47.2
"Adell, Jo",666176,2025,26,526,573,124,68,18,1,37,151,33,26.4,5.8,".236",".485",".293","0.778",".260",".549",".333",".365",".316",".289","77.6",73.4,19.1,14.4,26.2,19.8,"7.7",30,8,-5.9,49.5,33.8,"91.7","16.1",35.1,17.3,50,"104.215712606","96.547484587",28.5,52.6
"Benson, Will",666181,2025,27,230,253,52,30,8,2,12,67,16,26.5,6.3,".226",".435",".273","0.708",".257",".496",".298",".342",".307",".238","71.8",18.6,19.4,13.3,37.4,25.7,"7.5",9,14.2,-4.8,53.1,33.5,"92.4","16.1",37.3,15.4,53.8,"102.907826588","96.242418757",34.4,52.9
"Bichette, Bo",666182,2025,27,582,628,181,118,44,1,18,91,40,14.5,6.4,".311",".483",".357","0.840",".295",".473",".361",".353",".344",".179","69.1",9.4,15.5,12.8,34.6,28.5,"7.3",21,4.5,1.3,33.9,37.5,"91","8.2",37.9,7.9,48.8,"101.819073862","95.502667967",18.4,53.1
"Carlson, Dylan",666185,2025,26,217,241,44,28,9,1,6,54,21,22.4,8.7,".203",".336",".278","0.614",".214",".357",".273",".285",".288",".144","68.7",4.5,9.6,7.5,34.2,26.8,"6.9",8,10.8,0.6,56.4,36.1,"88.4","16.7",34.8,6.7,30.5,"97.553371852","92.871209136",22.9,45.2
"Trammell, Taylor",666211,2025,27,117,135,23,13,7,0,3,41,17,30.4,12.6,".197",".333",".296","0.629",".187",".307",".282",".271",".289",".120","74.6",44.5,14.2,8.7,31.3,19.3,"7.8",6,11.5,-4.3,47.7,30,"91","15.5",33.8,7.8,40.3,"100.305634865","94.610534865",38.6,45.5
"Naylor, Bo",666310,2025,25,359,414,70,33,22,1,14,99,45,23.9,10.9,".195",".379",".282","0.661",".201",".371",".289",".292",".291",".169","72.4",22.1,11.5,9.2,28.6,23,"7.8",18,13.6,-8.3,53,31.9,"89.6","21.3",36.8,9.7,38.3,"99.633649773","94.100167452",22,47.1
"Julien, Edouard",666397,2025,26,182,208,40,27,10,0,3,61,22,29.3,10.6,".220",".324",".309","0.633",".242",".424",".286",".329",".329",".182","70.2",6.4,15.3,11.5,34.9,26.2,"7",9,13.8,5.6,45.4,41.6,"89.2","6.1",39,12.2,42.3,"100.268172787","94.521132377",26.1,40.3
"Morel, Christopher",666624,2025,26,278,305,61,34,16,0,11,109,25,35.7,8.2,".219",".396",".289","0.685",".213",".420",".299",".304",".283",".207","76",62,16.5,10.5,29.1,18.5,"8.2",17,14.9,-9.2,68.7,27.3,"91.8","17",33.7,14.8,49.7,"103.283549405","96.313953036",38.9,53.8
"García, Adolis",666969,2025,32,507,547,115,68,28,0,19,135,28,24.7,5.1,".227",".394",".271","0.665",".232",".427",".286",".304",".278",".195","72.1",25.3,16.9,12.2,35.9,25.8,"7.6",16,8.8,-0.5,62.5,28,"92.1","16.3",33.2,11.6,46.7,"101.875197354","95.57270172",30.3,52.2
"Gurriel Jr., Lourdes",666971,2025,31,500,546,124,79,24,2,19,76,31,13.9,5.7,".248",".418",".295","0.713",".256",".420",".307",".315",".306",".164","70.6",9.6,12.9,10.6,35.2,28.9,"7.5",16,10.5,-6,50.5,36.9,"87.8","16.3",37.4,7.2,38.3,"99.058751759","93.630561528",20.2,52.3
"Myers, Dane",667472,2025,29,307,333,72,56,10,0,6,77,23,23.1,6.9,".235",".326",".291","0.617",".247",".393",".275",".304",".303",".147","71",17.8,15.8,12,40.1,30.4,"7.2",8,10.9,3.7,63.2,27.1,"90.7","10.5",34.6,7.8,42,"99.818160261","94.250510655",23.7,45
"Rooker, Brent",667670,2025,30,626,699,164,91,40,3,30,155,65,22.2,9.3,".262",".479",".335","0.814",".261",".489",".349",".351",".334",".228","73.6",35.7,17.2,12.4,33.3,24,"7.1",45,12.3,-6.1,45.2,36.3,"90.7","16.4",39.7,13.7,44.8,"101.348762785","95.08004389",30.8,50
"Arozarena, Randy",668227,2025,30,613,709,146,86,32,1,27,191,64,26.9,9,".238",".426",".334","0.760",".227",".417",".332",".327",".326",".190","72.3",29.8,18.3,13.3,35,25.4,"7.4",20,8.7,0.4,62.1,25.3,"91.3","12.9",32.6,11.5,50.6,"102.490457934","95.926660471",29.7,44
"Rogers, Jake",668670,2025,30,123,142,23,13,5,2,3,39,15,27.5,10.6,".187",".333",".277","0.610",".194",".321",".270",".274",".286",".127","70.5",5,13,9.9,34.3,26.1,"7.5",8,16,-2.2,64.9,31.2,"89.5","17.2",36.8,9.2,40.2,"98.986049302","93.778180233",26.7,44
"Bleday, JJ",668709,2025,27,307,344,65,34,17,0,14,91,36,26.5,10.5,".212",".404",".294","0.698",".197",".345",".302",".276",".281",".148","71.7",14.8,13.4,9.6,34.3,24.6,"7.5",17,15.5,-11.1,50,31.6,"88.7","20.5",29.5,7.8,38.7,"99.544634679","93.986993226",29.8,44.7
"Steer, Spencer",668715,2025,27,509,568,121,77,21,2,21,129,51,22.7,9,".238",".411",".312","0.723",".219",".361",".316",".293",".297",".142","70.9",7.1,10,7.6,30.1,22.9,"7.4",18,12.4,-4.1,58,28.3,"87.3","18.8",34.2,7.6,33.2,"97.843391958","93.000497056",25,48
"Reynolds, Bryan",668804,2025,30,587,654,144,87,38,3,16,173,57,26.5,8.7,".245",".402",".318","0.720",".259",".447",".315",".338",".331",".189","72.2",22.7,16.4,12.1,32.9,24.1,"6.9",43,13,1.1,47,37.9,"91.2","7.3",38.4,10.1,46,"101.932535192","95.465817885",29.4,49.6
"Martin, Austin",668885,2025,26,156,181,44,34,8,1,1,31,22,17.1,12.2,".282",".365",".374","0.739",".279",".403",".333",".345",".372",".124","68.2",4.9,10.7,9.1,32,27.2,"6.9",2,10.3,-3.5,58,39.9,"86.2","9.7",35.4,5.5,38.6,"99.170504355","93.642009597",17.4,40.6
"Vientos, Mark",668901,2025,25,424,463,99,59,21,2,17,115,30,24.8,6.5,".233",".413",".289","0.702",".246",".432",".303",".320",".303",".187","71.2",14.8,16.9,11.7,37.2,25.9,"7.6",25,14.6,1.2,62,31.9,"91.4","11.5",33.5,11.5,50.5,"101.904334459","95.670780607",32.5,51.9
"Lewis, Royce",668904,2025,26,376,403,89,58,18,0,13,80,25,19.9,6.2,".237",".388",".283","0.671",".240",".400",".292",".297",".286",".160","73.6",39.8,16.8,12.6,33.2,24.9,"8",12,10.8,-7.7,68.4,28.9,"89.8","16.7",33.2,8.7,40.3,"100.418670671","94.408310906",26.7,51
"Turang, Brice",668930,2025,25,584,659,168,120,28,2,18,150,66,22.8,10,".288",".435",".359","0.794",".262",".429",".346",".335",".338",".167","70.6",18.1,14.3,11.6,34.3,27.8,"6.8",27,6.9,8.2,45.1,31.2,"91.1","8.6",35.1,8,47.4,"100.614785374","94.892922904",21,44.3
"Rutschman, Adley",668939,2025,27,322,365,71,44,16,2,9,57,40,15.6,11,".220",".366",".307","0.673",".241",".410",".298",".325",".327",".169","70.1",12.2,12.7,11,40.4,35,"6.9",6,9.4,-1.3,48.1,34.6,"89.4","13.7",33.7,7.5,38.6,"99.370985821","93.966094082",14.5,40.6
"Rojas, Josh",668942,2025,31,189,211,34,23,9,0,2,48,19,22.7,9,".180",".259",".252","0.511",".209",".305",".232",".263",".281",".096","67.8",2.5,8,6.4,38,30.3,"7.2",7,9.9,1.2,56.1,32.1,"89.6","13.4",30.6,3.5,36.8,"98.368843714","93.541469143",23.1,46.2
"Marsh, Brandon",669016,2025,27,379,425,106,68,25,2,11,110,38,25.9,8.9,".280",".443",".342","0.785",".263",".432",".339",".330",".328",".169","71.4",14,15.1,11.8,34.5,26.9,"7.1",8,9.4,-0.4,41,38.5,"91.1","12.6",39.1,8.4,46.4,"100.6056675","94.960470849",23.2,47.1
"Stowers, Kyle",669065,2025,27,399,457,115,66,21,3,25,125,48,27.4,10.5,".288",".544",".368","0.912",".265",".537",".386",".375",".349",".272","75",51.7,17.5,12.2,29.9,20.8,"6.7",24,11.6,0.3,52.3,33.9,"91.1","14.1",38,19.1,52,"103.093111727","96.214876787",32.5,54
"Langeliers, Shea",669127,2025,27,481,523,133,70,32,0,31,103,36,19.7,6.9,".277",".536",".325","0.861",".251",".463",".364",".328",".304",".212","73.8",39.6,18.8,14.2,32.4,24.5,"7.2",5,11.4,-3.1,61.4,30.3,"90.9","16.4",33.4,11.3,44.9,"102.509663298","95.562115",25.1,52.4
"Murphy, Sean",669221,2025,30,291,337,58,29,13,0,16,105,35,31.2,10.4,".199",".409",".300","0.709",".201",".408",".309",".314",".306",".207","72.6",30.6,14.9,10.4,26.3,18.4,"7.8",33,12.5,-4,49.7,30.8,"89.1","10.6",30.2,13.4,43.1,"102.033985426","95.22279861",32.3,47.9
"Wells, Austin",669224,2025,25,401,448,88,44,22,1,21,118,30,26.3,6.7,".219",".436",".275","0.711",".214",".399",".302",".294",".276",".185","73.4",31.2,16.8,12.5,29.6,22.1,"7.6",12,10.5,-5.7,49.9,31.8,"90.6","20.7",33,10.2,45.2,"101.709094658","95.230029897",27.4,50.7
"Malloy, Justyn-Henry",669234,2025,25,104,127,23,16,6,0,1,32,20,25.2,15.7,".221",".308",".346","0.654",".201",".316",".301",".295",".330",".116","70.5",8.2,9,6.6,27.8,20.4,"7.1",6,16,-0.8,53.6,40.7,"86.9","20.5",33.8,4.1,31.1,"96.563518919","92.313797703",29.1,40.5
"Jackson, Jeremiah",669236,2025,25,170,183,47,30,10,2,5,50,11,27.3,6,".276",".447",".328","0.775",".222",".393",".336",".291",".277",".172","71.9",21,17.1,11.9,32.4,22.6,"7.3",15,11.9,-0.4,62.4,27.2,"90.6","10.9",27.5,7.5,46.7,"101.013917833","94.970572521",33.2,52.8
"Edman, Tommy",669242,2025,30,346,377,78,51,13,1,13,61,19,16.2,5,".225",".382",".274","0.656",".274",".411",".284",".321",".322",".137","70.2",12,16,13.1,37.7,30.7,"6.9",6,9.9,-1.4,59.7,26.6,"88.3","11.8",33.3,4.5,39.9,"99.368114861","93.911672648",19.8,48
"Smith, Will",669257,2025,30,362,436,107,69,20,1,17,89,64,20.4,14.7,".296",".497",".404","0.901",".269",".496",".389",".378",".382",".227","69.8",6.2,16.3,13,36,28.5,"7.3",20,11.8,0.8,62.5,34,"91.3","18.4",41.7,12.2,47.1,"101.332929281","95.105303022",22.2,38.8
"Suwinski, Jack",669261,2025,26,150,178,22,12,7,0,3,57,24,32,13.5,".147",".253",".281","0.534",".195",".376",".250",".310",".322",".181","73.9",42.4,12.2,8.5,21.7,15.1,"7.4",9,14,2.5,44.6,34.5,"88.8","16.7",35.5,11.8,38.7,"100.555321489","94.441022581",32.1,39.8
"Espinal, Santiago",669289,2025,30,301,328,73,61,12,0,0,38,21,11.6,6.4,".243",".282",".292","0.574",".229",".287",".259",".254",".280",".059","68.5",2,7.3,6.4,36.9,32.1,"7.4",7,6.7,-1.8,51.1,34.6,"86.5","15.1",31.3,0.7,25.7,"95.861426183","91.96218977",14.1,45.2
"Teodosio, Bryce",669326,2025,26,138,150,28,18,7,2,1,47,5,31.3,3.3,".203",".304",".248","0.552",".185",".259",".243",".222",".233",".075","68.9",4.3,7.3,4.7,27.7,17.6,"6.6",13,9.4,1.7,51.3,32.7,"84.3","12.9",23.4,4.3,26.6,"96.560468889","92.308938778",37.3,62.8
"Gorman, Nolan",669357,2025,25,351,402,72,43,14,1,14,136,47,33.8,11.7,".205",".370",".296","0.666",".196",".386",".292",".296",".290",".190","72.7",24.5,13.1,8.9,27.5,18.6,"7.6",17,14.8,-1.8,50.5,34.1,"89.6","22.3",39.3,9.2,41.1,"100.473005926","94.520283241",34.6,47.4
"Edwards, Xavier",669364,2025,25,561,619,159,131,20,5,3,88,49,14.2,7.9,".283",".353",".343","0.696",".262",".332",".308",".295",".325",".069","66.9",2.4,6.7,6,35.7,31.5,"6.4",11,2.7,2.4,34.2,31.1,"86.8","8.2",33.6,0.8,29.4,"96.768424561","92.424991053",12.2,49
"Burger, Jake",669394,2025,29,356,376,84,52,15,1,16,93,12,24.7,3.2,".236",".419",".269","0.688",".246",".478",".295",".324",".280",".232","74.6",50,21.6,15.4,31.9,22.8,"7.4",13,7.6,-4.1,53.4,24.9,"90.4","16.1",33.5,13.9,48.5,"103.175129323","95.834832632",29.2,55.1
"Allen, Nick",669397,2025,26,371,416,82,71,11,0,0,99,31,23.8,7.5,".221",".251",".284","0.535",".220",".267",".245",".252",".284",".046","64.5",0.2,4.5,3.6,33.7,27.1,"6.3",23,7.3,-0.7,48.3,30.3,"84.8","13.3",29.3,0,21.6,"94.907320963","91.457467333",21.5,48.4
"Hummel, Cooper",669450,2025,30,88,105,15,12,0,0,3,31,14,29.5,13.3,".170",".273",".298","0.571",".196",".383",".268",".313",".320",".187","71.8",21.2,12.5,8.8,35,24.7,"7.2",8,12,-6.7,46.5,28.6,"92","11.3",31,12.1,37.9,"100.34355","94.891784737",32.4,41.8
"Schmitt, Casey",669477,2025,26,312,348,74,47,15,0,12,83,27,23.9,7.8,".237",".401",".305","0.706",".256",".436",".307",".328",".323",".180","71.7",20.6,14.1,10.7,30.5,23.1,"7.5",5,11.4,-7.7,47.1,35,"89.5","19.2",40.3,9,43.8,"100.706954224","94.593324009",25.8,51.6
"Smith, Josh",669701,2025,27,495,563,124,89,23,2,10,100,55,17.8,9.8,".251",".366",".335","0.701",".247",".366",".311",".310",".332",".119","69.1",3.7,10.5,8.4,33.9,27.3,"6.7",13,8.6,-1.9,43.1,36.5,"87.2","12.7",33.8,5,31.1,"97.379499592","92.713932653",19.6,45.5
"Triolo, Jared",669707,2025,27,331,376,75,48,18,2,7,76,39,20.2,10.4,".227",".356",".311","0.667",".239",".383",".296",".310",".322",".144","71.6",14.3,14.6,11.4,33,25.7,"7.8",14,8.8,-2.4,44.6,37.3,"89","14.7",34.4,6.2,38.2,"99.337682857","93.864443413",24,47.2
"Hays, Austin",669720,2025,29,380,416,101,65,16,5,15,107,29,25.7,7,".266",".453",".315","0.768",".234",".403",".327",".300",".290",".169","71.9",19.8,13.1,9.4,31.2,22.2,"7.1",29,14.2,-5.6,65.9,30.8,"88.8","14.6",31.9,10.5,38.4,"99.434684493","93.863333745",31.4,52
"Call, Alex",669743,2025,30,270,322,72,52,13,2,5,55,36,17.1,11.2,".267",".385",".361","0.746",".243",".369",".331",".321",".344",".126","66.1",1.6,11.3,9.3,45.8,37.8,"6.5",9,7,8.2,46.9,33.4,"88.2","12.4",32.4,4.5,28.9,"97.303531852","92.783138698",19.2,38.5
"Toglia, Michael",669911,2025,26,306,337,58,31,15,1,11,132,28,39.2,8.3,".190",".353",".258","0.611",".199",".351",".265",".271",".268",".152","72.7",22.7,13.2,8.7,26.6,17.6,"7.6",15,14.8,-2.5,44.3,35.8,"89.9","17.7",38.1,10.4,43.2,"100.796186437","94.757682428",37.3,48.9
"Raley, Luke",670042,2025,30,183,219,37,25,8,0,4,64,19,29.2,8.7,".202",".311",".319","0.630",".209",".358",".291",".312",".327",".149","73.8",38.3,14.6,8.6,29.2,17.3,"7.1",11,14.4,-1.7,54.1,31.5,"89.5","9.8",31.7,10.6,42.3,"101.481510339","95.137145897",40.8,53.9
"Mastrobuoni, Miles",670156,2025,29,152,175,38,33,4,0,1,29,17,16.6,9.7,".250",".296",".324","0.620",".280",".373",".282",".322",".351",".092","67.5",1.8,9.4,7.7,38.7,31.8,"6.7",0,8.2,-2.6,44.1,32.9,"88","6.2",33.3,2.3,36.4,"97.996020645","93.315767967",16.1,39.9
"Mervis, Matt",670223,2025,27,120,134,21,10,4,0,7,50,11,37.3,8.2,".175",".383",".254","0.637",".145",".266",".274",".223",".229",".121","73.6",36.6,13,8,26.5,16.4,"8.3",6,18.9,-11.5,49.6,33.8,"88.3","22.3",26.8,8.5,38,"99.912860833","94.214077324",39.9,54.7
"Misner, Kameron",670224,2025,27,197,217,42,27,9,1,5,69,16,31.8,7.4,".213",".345",".273","0.618",".191",".299",".272",".247",".253",".108","73.2",32.4,8.5,5.6,25.8,17,"7.8",12,12.3,-7.4,51.2,37.1,"87.6","15",27.5,5.3,29.8,"98.404901875","93.313993858",34.4,47.3
"Rave, John",670231,2025,27,153,175,30,21,5,0,4,46,18,26.3,10.3,".196",".307",".283","0.590",".228",".349",".267",".302",".315",".122","73.9",37.9,16,12.3,26.2,20.1,"7.3",8,10.9,-1.8,74.7,25.1,"88.3","8.4",25.5,5.5,40,"100.331691373","94.211258235",24.2,42.5
"Wallner, Matt",670242,2025,27,336,392,68,27,16,3,22,114,46,29.1,11.7,".202",".464",".311","0.775",".202",".435",".334",".325",".312",".232","76.6",68.5,17,11,25.2,16.3,"7.4",21,12.5,-6.2,56.6,28.2,"91","21.1",33.9,13.9,45.5,"102.7851575","95.761244395",35.5,50.5
"Alvarez, Yordan",670541,2025,28,165,199,45,31,8,0,6,33,28,16.6,14.1,".273",".430",".367","0.797",".284",".549",".338",".393",".383",".265","76.1",63,23,17.7,35.7,27.5,"7.7",1,10.2,-4.9,40.5,36.7,"94.7","18.3",42.8,13.8,52.9,"104.636630145","97.124242246",22.4,44
"Paredes, Isaac",670623,2025,26,378,438,96,60,15,1,20,76,50,17.4,11.4,".254",".458",".352","0.810",".235",".380",".353",".320",".337",".146","69",9.5,9.5,8,31.7,26.6,"8",8,15.6,-15.4,55.5,32.5,"87.4","23",37.2,6.3,33.6,"97.968035894","93.068434007",16.4,40.9
"Walls, Taylor",670764,2025,28,282,317,62,43,14,1,4,70,26,22.1,8.2,".220",".319",".280","0.599",".210",".309",".265",".261",".273",".099","68.8",2.2,7.2,5.7,35.1,27.5,"7",3,10.2,4,58.4,34.3,"87","15.1",33.5,3.2,26.4,"96.119638571","92.100255905",20.3,45.9
"Friedl, TJ",670770,2025,29,579,685,151,113,22,2,14,115,81,16.8,11.8,".261",".378",".364","0.742",".227",".317",".333",".300",".337",".090","69.9",5.9,11.9,9.9,36.9,30.7,"6.7",14,9.4,-7.8,59.6,28.3,"87.1","14.3",33.4,2.7,32.1,"97.485236416","92.822655233",17.5,39.2
"Herrera, Iván",671056,2025,25,388,452,110,78,13,0,19,84,43,18.6,9.5,".284",".464",".373","0.837",".275",".491",".365",".371",".368",".216","74.4",47.7,18.8,14.7,32.2,25.2,"7.8",4,8.7,-0.5,47.8,32,"91.2","10.1",33.8,11.1,47.7,"102.882753464","95.975006557",23.3,45.1
"Casas, Triston",671213,2025,25,99,112,18,12,3,0,3,27,11,24.1,9.8,".182",".303",".277","0.580",".212",".409",".256",".304",".303",".197","75.1",54.2,17.7,12.1,27.7,18.9,"8",3,15,-5.2,43.7,36,"87.6","15.1",34.7,9.7,44.4,"100.957485","94.540363056",31.1,48.5
"Ramos, Heliot",671218,2025,25,620,695,159,113,24,1,21,158,52,22.7,7.5,".256",".400",".328","0.728",".242",".417",".319",".320",".317",".175","74",44.7,18.2,13.9,32.7,25,"6.8",24,6,1.5,47.2,31.5,"91.8","11.5",32.5,8.8,47.4,"102.515755862","95.752323082",25.3,47.8
"Waters, Drew",671221,2025,26,206,219,50,40,6,3,1,60,11,27.4,5,".243",".316",".288","0.604",".232",".318",".268",".265",".278",".086","71.6",17.8,10,7.1,27.5,19.5,"6.6",15,8.7,4.8,48.2,41.8,"86","9.1",35.6,4.1,28.8,"97.434472083","92.746290972",30.3,56.5
"García Jr., Luis",671277,2025,25,488,526,123,78,28,1,16,84,27,16,5.1,".252",".412",".289","0.701",".281",".470",".300",".339",".320",".189","72.4",28,18,14.6,37.6,30.4,"7.4",18,10.7,-2.6,62.4,28.6,"90.2","9.2",33.7,9,45.8,"100.772844709","94.823697591",21.7,53.9
"Freeman, Tyler",671289,2025,26,377,428,106,82,20,2,2,51,34,11.9,7.9,".281",".361",".354","0.715",".278",".367",".319",".325",".355",".088","71.3",14.6,13.4,11.8,35.6,31.4,"6.9",7,2.9,0.5,32.7,35.6,"90.1","7.9",30.7,2.1,40.4,"99.694809259","94.1276813",12.5,46.1
"Butler, Lawrence",671732,2025,24,569,630,133,80,30,2,21,179,59,28.4,9.4,".234",".404",".306","0.710",".229",".393",".310",".304",".301",".164","73.8",39.2,17.7,12.2,30.5,21.1,"7.1",26,6.8,1.7,44.1,30.5,"90.5","9.2",34.4,9.2,44.4,"102.147176546","95.442891289",32.9,47
"Harris II, Michael",671739,2025,24,611,641,152,100,26,6,20,128,16,20,2.5,".249",".409",".268","0.677",".268",".438",".289",".315",".291",".169","74.3",40.7,18.8,14.4,31.2,24,"8",22,6.9,-1,50.4,30.8,"90.2","7.4",29.6,9.1,43.4,"103.013806132","95.674311175",24.4,57
"Clarke, Denzel",672016,2025,25,148,159,34,21,8,2,3,61,6,38.4,3.8,".230",".372",".274","0.646",".200",".322",".281",".250",".246",".122","74.3",43.1,14.5,10,28.5,19.6,"7.7",7,4.2,2.1,44.6,31.1,"90","4.1",29.2,6.7,42.7,"101.799379767","95.151251744",32.7,47.1
"Bailey, Patrick",672275,2025,26,409,452,91,64,18,3,6,133,30,29.4,6.6,".222",".325",".277","0.602",".210",".333",".265",".264",".266",".123","71.6",15.8,13.3,9.8,31.1,22.9,"7.3",11,8.5,-3.5,45.5,32.9,"88.2","15.6",35.3,5.6,36.4,"98.882488071","93.543761039",28.6,49.4
"Arias, Gabriel",672356,2025,25,432,471,95,57,25,2,11,162,27,34.4,5.7,".220",".363",".274","0.637",".214",".385",".278",".286",".272",".171","75.1",52.7,16.2,9.9,27.5,16.8,"7.6",22,9.7,1.2,53.7,29.1,"90.2","6.1",33.8,11.3,43.3,"102.355979412","95.517852978",40.5,57.3
"Kirk, Alejandro",672386,2025,26,451,506,127,94,18,0,15,59,48,11.7,9.5,".282",".421",".348","0.769",".278",".480",".334",".359",".348",".203","72.5",28.6,21.1,17.3,38.4,31.5,"7.2",12,7.9,4.5,55.8,23.9,"91.1","11.9",34.4,10.1,50.8,"102.169605025","95.726454811",18.5,47.2
"Moreno, Gabriel",672515,2025,25,277,309,79,57,12,1,9,53,29,17.2,9.4,".285",".433",".353","0.786",".279",".453",".340",".346",".349",".174","70.9",15.9,13.5,11.4,36.9,31.1,"6.9",9,8.3,4.4,51.1,33.8,"90.4","14.4",39.8,7.1,43.4,"99.634329735","94.171203067",18,44
"Garcia, Maikel",672580,2025,25,595,666,170,110,39,5,16,84,62,12.6,9.3,".286",".449",".351","0.800",".276",".422",".347",".335",".343",".146","71.9",17.2,21.2,18.4,43.9,38.1,"7.3",11,4.6,0.5,44.2,27.1,"91.3","9.7",34.5,5.6,45.1,"101.342001641","95.068685362",15,40.1
"Lopez, Otto",672640,2025,26,544,594,134,98,21,0,15,82,44,13.8,7.4,".246",".368",".305","0.673",".269",".434",".295",".330",".327",".165","71.7",22,17.1,14.2,37.7,31.4,"6.8",19,7.4,-2.3,48.5,29.9,"88.5","8.4",32.5,7.1,38.3,"99.900867489","94.042562749",18.9,46.3
"Perdomo, Geraldo",672695,2025,25,597,720,173,115,33,5,20,83,94,11.5,13.1,".290",".462",".389","0.851",".278",".424",".370",".356",".381",".146","68.3",4.6,10.2,9.1,36,32.3,"6.9",21,7.4,-1.8,49.9,35.4,"87.6","15.5",36.2,6.2,31.9,"97.403040156","92.774457856",12,39.7
"Peraza, Oswald",672724,2025,25,244,265,40,29,6,0,5,80,17,30.2,6.4,".164",".250",".223","0.473",".194",".306",".214",".248",".252",".112","73.6",33.5,14.5,9.8,29.9,20.2,"7.7",11,7.6,-2.7,52,26.3,"87.1","8",29.7,6.7,38.8,"100.200491975","94.259031543",33.3,52.9
"Canario, Alexander",672744,2025,25,216,234,47,34,6,1,6,80,17,34.2,7.3,".218",".338",".274","0.612",".219",".407",".270",".295",".275",".188","76",59.1,14.9,9.3,25.7,16.1,"8.1",5,13.6,1.9,47.9,35.2,"87.4","10.5",35.8,12.4,43.8,"101.464192464","94.871333139",39,53.4
"Pérez, Wenceel",672761,2025,25,344,383,84,50,17,4,13,87,31,22.7,8.1,".244",".430",".308","0.738",".242",".393",".318",".310",".309",".152","70.5",8.5,14.3,10.6,37.1,27.6,"7",3,8,-4,51.9,29.7,"90.3","18.4",37.8,8.8,40.1,"99.315106565","93.97487416",26,49.3
"Sosa, Lenyn",672820,2025,25,518,544,137,94,20,1,22,127,18,23.3,3.3,".264",".434",".293","0.727",".263",".467",".313",".326",".293",".204","72.6",26.3,16.2,12.7,34.4,26.9,"7.4",9,10.5,0.5,55.4,32.6,"90.7","18.4",39.2,10.4,43.8,"100.914668265","94.870690765",23.5,51
"Diaz, Yainer",673237,2025,26,542,567,139,93,25,1,20,95,20,16.8,3.5,".256",".417",".284","0.701",".268",".465",".300",".326",".297",".197","72.2",21.8,17.6,13.9,34.8,27.5,"7.3",30,10.4,1,59.2,28.3,"89.9","10.2",34.9,9.6,42.2,"100.97744942","94.706836942",23.4,59.5
"Robert Jr., Luis",673357,2025,27,382,431,85,59,12,0,14,112,40,26,9.3,".223",".364",".297","0.661",".246",".426",".289",".321",".319",".180","75.6",57.4,16.4,11.8,28.4,20.3,"7.8",19,12.2,-5.2,53.9,36.5,"89.4","18.2",34.7,10.3,41.6,"101.308583088","94.893475424",31.7,53.3
"Kim, Ha-Seong",673490,2025,29,171,191,40,31,4,0,5,39,16,20.4,8.4,".234",".345",".304","0.649",".242",".356",".288",".297",".312",".114","70.5",9.5,14.5,12.4,37.2,31.8,"7",0,5.6,-1.8,51.1,23.4,"89.7","15.7",33.6,5.2,43.3,"99.669184627","94.229750677",15.5,40
"Suzuki, Seiya",673548,2025,30,571,651,140,74,31,3,32,164,71,25.2,10.9,".245",".478",".326","0.804",".247",".493",".343",".352",".330",".246","73.4",37.2,19.1,15.1,33.2,26.3,"7.2",26,8.1,-3.1,50.5,31.1,"91.3","17.9",40.2,16.6,48.7,"102.931278798","95.890233373",23.9,40.6
"Jung, Josh",673962,2025,27,482,511,121,83,23,1,14,129,27,25.2,5.3,".251",".390",".294","0.684",".245",".414",".298",".304",".288",".169","70.3",5.2,16.8,12.9,33.5,25.7,"7",17,11.5,2.6,52.8,37.7,"89.3","12.8",39.4,8.3,46.7,"100.8140564","94.816045657",25.4,51.1
"Westburg, Jordan",676059,2025,26,328,352,87,59,10,1,17,80,17,22.7,4.8,".265",".457",".313","0.770",".253",".460",".332",".327",".301",".207","70.7",11.7,15.8,11.4,34.5,24.9,"6.7",19,10.5,-1.5,59.3,29.8,"90.2","14.1",30.1,11.2,43.4,"101.28897176","94.91639",29.4,50.2
"Clement, Ernie",676391,2025,29,545,588,151,105,35,2,9,61,27,10.4,4.6,".277",".398",".313","0.711",".260",".359",".308",".289",".299",".100","67.6",2.4,9.2,8.2,41.9,37.1,"7",30,11.6,-3.1,59.3,32.2,"86.6","17.9",37.1,2.4,26,"95.998970369","92.037389446",14.5,53.8
"Feduccia, Hunter",676439,2025,28,88,105,13,8,5,0,0,29,15,27.6,14.3,".148",".205",".267","0.472",".188",".281",".226",".275",".307",".094","69.8",10.6,9,6.7,25.4,18.9,"7.1",6,10.7,-1.4,49.4,34.9,"87.6","16.3",31.1,8.2,32.8,"97.34747871","92.755463607",28.3,44.4
"Burleson, Alec",676475,2025,26,497,546,144,98,26,2,18,79,39,14.5,7.1,".290",".459",".343","0.802",".272",".471",".346",".345",".329",".199","72.4",29.2,18.7,15.8,39.1,32.9,"7.5",12,10,0.3,57.5,31.8,"91","15.2",34,9.5,43,"101.386484258","95.130209592",17.9,49.3
"Wagaman, Eric",676572,2025,27,476,514,119,79,28,3,9,100,32,19.5,6.2,".250",".378",".296","0.674",".259",".421",".293",".315",".306",".162","73.4",36.6,19.5,15.3,37.6,29.4,"7.1",26,6.9,-2.7,49.4,27.9,"91","10.6",34.4,6.8,46.5,"102.304067053","95.484613553",24.2,45.2
"Caballero, José",676609,2025,28,314,370,74,50,18,1,5,98,47,26.5,12.7,".236",".347",".339","0.686",".218",".332",".309",".299",".324",".115","69.1",10.6,8.9,6.5,29.2,21.6,"6.8",13,10.1,-0.6,51.1,31.6,"86","17.4",36.5,5.9,30.6,"97.838589423","92.958973317",26.7,45
"Meyers, Jake",676694,2025,29,343,381,100,80,15,2,3,67,31,17.6,8.1,".292",".373",".354","0.727",".269",".403",".323",".325",".334",".134","68.4",5,11.8,9.6,34.7,28.2,"6.9",22,6.8,-2.4,42.6,32.4,"88.1","9.8",34.6,5,38.9,"99.285411377","93.81484913",21.2,47.2
"McCormick, Chas",676801,2025,30,100,116,21,15,5,0,1,31,9,26.7,7.8,".210",".290",".279","0.569",".228",".372",".257",".299",".298",".144","71.5",13.7,10,6.6,26.9,17.8,"7.7",6,21.2,-1.1,38.1,34,"85.8","21.9",32,5.4,29.3,"97.336296765","92.737822239",34.7,55.2
"Schneider, Davis",676914,2025,26,188,227,44,28,5,0,11,60,36,26.4,15.9,".234",".436",".361","0.797",".188",".409",".351",".323",".324",".221","71.5",16.5,12.3,9.2,30.4,22.7,"7.1",10,20.6,-6.3,40.5,33.6,"90.8","24.2",27.9,14,41.1,"100.329632154","94.696231395",28.5,42.7
"Kjerstad, Heston",677008,2025,26,156,167,30,19,5,2,4,45,6,26.9,3.6,".192",".327",".240","0.567",".231",".391",".248",".290",".276",".160","69.4",6.2,12.8,9.1,32.4,23.1,"7",2,12.7,2.2,47.6,38,"88.8","12.7",40.2,8,41.1,"99.548861786","93.904868661",28.4,56.6
"Paris, Kyren",677347,2025,23,126,140,24,13,4,1,6,59,10,42.1,7.1,".190",".381",".266","0.647",".173",".348",".283",".265",".251",".175","73.2",35.1,12,6.3,29.1,15.3,"7.5",0,16.2,-5.4,50.5,37.4,"88.9","17.8",34.3,16.7,47.8,"100.929316364","94.91915303",45.7,49.2
"Rocchio, Brayan",677587,2025,24,344,383,80,55,18,2,5,77,22,20.1,5.7,".233",".340",".290","0.630",".246",".358",".278",".295",".306",".113","70",6.8,13.3,10,36.6,27.4,"7.3",10,11,-5.9,50.8,29,"88","11",33.3,3.3,35.5,"98.267840896","93.292344494",24,51.4
"Tena, José",677588,2025,24,152,169,37,22,13,2,0,37,15,21.9,8.9,".243",".355",".314","0.669",".243",".364",".296",".302",".316",".121","70.8",15.5,12.3,9.5,38.2,29.5,"6.8",1,3.6,2.4,35.6,35.1,"89.2","1.2",34.5,5.3,40.5,"99.054484464","93.921000268",22,45
"Rodríguez, Julio",677594,2025,24,652,710,174,107,31,4,32,152,44,21.4,6.2,".267",".474",".324","0.798",".269",".479",".341",".344",".327",".209","76.4",63.9,19.8,14.4,30.8,22.4,"7.7",19,6.9,-1.4,46.4,31.7,"91.8","8.5",31.5,9.8,48,"103.7115726","96.24062626",28.2,55.4
"Mauricio, Ronny",677595,2025,24,168,184,38,26,6,0,6,54,15,29.3,8.2,".226",".369",".293","0.662",".218",".366",".290",".286",".287",".148","73.8",40.8,14.9,10.4,28.9,20.2,"7.6",5,7.4,-2.3,52.8,29.2,"91.2","12.7",28.1,8.9,43,"101.786935","95.220553393",33.9,52.5
"Duran, Ezequiel",677649,2025,26,205,219,46,32,14,0,0,55,8,25.1,3.7,".224",".293",".266","0.559",".214",".295",".249",".247",".258",".081","71.5",17.2,11.6,8.8,28.5,21.7,"7.2",4,6,-0.6,41,28.5,"85.3","15.2",30.3,2.6,30.9,"97.791035753","92.897366027",24.4,54.3
"Abreu, Wilyer",677800,2025,26,373,417,92,53,17,0,22,101,40,24.2,9.6,".247",".469",".317","0.786",".243",".475",".334",".335",".315",".232","74.1",40.9,16.9,13.4,27.5,21.9,"7.1",15,9.5,-1.2,57.6,31.2,"90.8","23",31.9,12.3,44.9,"102.379878333","95.549366836",24,52.1
"Alexander, Blaze",677942,2025,26,230,266,53,33,12,1,7,86,22,32.3,8.3,".230",".383",".323","0.706",".211",".374",".313",".305",".308",".164","72.1",25.6,15.2,10.5,28.4,19.6,"7.4",8,8.9,3.9,47.1,36.1,"90.2","7.3",35.8,12.8,43.2,"100.976531667","94.769820208",31,47.4
"Thomas, Alek",677950,2025,25,433,469,108,77,19,3,9,122,21,26,4.5,".249",".370",".289","0.659",".242",".372",".287",".289",".285",".130","71.2",14.5,16.4,12.2,34.1,25.3,"7",31,10,0.2,60.2,27.6,"89.6","4.2",27.7,7.8,39.3,"100.704408917","94.569621821",28.7,52.9
"Witt Jr., Bobby",677951,2025,25,623,687,184,108,47,6,23,125,49,18.2,7.1,".295",".501",".351","0.852",".285",".508",".360",".365",".347",".222","74.3",45.2,19.9,15.5,34.7,27,"7",24,5.1,-0.2,47.2,28.6,"93.3","15.2",35.4,12.5,48.5,"103.906232271","96.610542829",23.9,51.1
"Meadows, Parker",678009,2025,25,191,213,41,29,6,2,4,56,21,26.3,9.9,".215",".330",".291","0.621",".225",".346",".277",".291",".303",".122","69.9",6.1,10.6,7.6,32.3,23.1,"7.3",8,7.7,-3.6,47.1,30.2,"86.9","12.5",36,5.2,30.9,"97.783717273","92.930370153",28.8,44.5
"Vargas, Miguel",678246,2025,25,504,569,118,68,32,2,16,100,56,17.6,9.8,".234",".401",".316","0.717",".237",".407",".314",".319",".320",".171","70.6",11.7,13.2,10.9,36,29.6,"7.6",17,11.9,-3,64.6,35.4,"89.7","22.6",36.6,9.4,40.5,"99.545761182","94.110815049",20.6,46.2
"Mead, Curtis",678554,2025,24,240,264,56,42,10,1,3,63,15,23.9,5.7,".233",".321",".299","0.620",".232",".350",".278",".289",".299",".118","73.3",37.2,11.6,9.5,28.6,23.3,"7.2",8,4.8,-2.1,40.5,32.7,"87.5","17.1",33.7,4.5,34.8,"98.795073295","93.488545114",21.1,48
"Tovar, Ezequiel",678662,2025,23,360,390,91,60,18,4,9,98,21,25.1,5.4,".253",".400",".294","0.694",".261",".441",".301",".319",".302",".180","71.6",19.1,12.6,8.8,26.2,18.2,"7.5",7,10.9,0.6,52.2,36.1,"89.4","16.4",43.7,9.3,38.9,"100.45095771","94.346705534",31.4,60.7
"Noel, Jhonkensy",678877,2025,23,148,153,24,16,2,0,6,52,4,34,2.6,".162",".297",".183","0.480",".161",".287",".207",".202",".183",".126","77.9",73.2,13.2,9.2,20.8,14.4,"7.5",6,6.7,-5,43.1,29.1,"90.3","13.8",25.8,6.2,41.2,"102.828730612","95.724912371",34.7,60.9
"Rafaela, Ceddanne",678882,2025,24,546,587,136,82,34,4,16,117,28,19.9,4.8,".249",".414",".295","0.709",".242",".416",".307",".305",".289",".174","71",12.4,14,10.4,32.7,24.3,"7.5",20,11.6,-1.5,57.2,32.6,"88.3","12.8",32.3,9.2,38.7,"99.637036837","93.97214993",26.8,58.9
"Rojas, Johan",679032,2025,24,152,172,34,28,3,2,1,40,13,23.3,7.6,".224",".289",".280","0.569",".227",".298",".254",".265",".288",".071","70.3",12.7,12.8,9.6,28.1,21.2,"7.3",4,6.3,2.7,55.4,24.3,"87.9","7.4",27.7,3.4,35.3,"99.557933889","93.879675648",24.7,52.5
"Torkelson, Spencer",679529,2025,25,563,649,135,76,27,1,31,169,72,26,11.1,".240",".456",".333","0.789",".226",".456",".339",".334",".322",".230","73",26.4,15.2,11.5,30.7,23.1,"7.8",17,13.5,-8,50,38,"90.2","23.1",39.3,13.5,45.1,"100.7921562","94.776285589",26.9,44.6
"Loftin, Nick",679845,2025,26,168,188,35,20,9,2,4,27,14,14.4,7.4,".208",".357",".278","0.635",".232",".366",".279",".294",".301",".134","69.4",6.6,11.9,9.9,35.7,29.7,"7.1",5,8.4,-7.7,53.1,29.8,"88.2","14",35.4,6.3,34,"97.565724507","92.851372465",19,46.7
"Schuemann, Max",680474,2025,28,183,213,36,28,4,2,2,35,22,16.4,10.3,".197",".273",".295","0.568",".230",".334",".262",".297",".325",".104","68.6",2.8,10.3,7.8,36.4,27.5,"6.8",7,8.3,2.7,54.1,30.5,"87.3","12.4",34.9,2.6,32.9,"97.241612703","92.809173741",24.4,45.5
"McLain, Matt",680574,2025,25,510,577,112,79,18,0,15,167,55,28.9,9.5,".220",".343",".300","0.643",".212",".361",".286",".290",".294",".149","69.7",5.2,12.3,9,32.6,23.8,"6.9",30,11.5,-0.1,56.5,32.1,"88.8","16.3",34,7.8,40.7,"99.170988588","93.766255706",28.5,43.2
"Barger, Addison",680718,2025,25,460,502,112,58,32,1,21,121,36,24.1,7.2,".243",".454",".301","0.755",".255",".462",".322",".331",".313",".207","75.9",62.7,20.6,15.4,30.6,22.9,"7.7",7,9.1,-5,51,28.8,"91.7","11.9",35.5,11.4,51,"103.716706784","96.416377947",26.1,49.2
"Del Castillo, Adrian",680728,2025,25,120,131,29,19,6,0,4,47,8,35.9,6.1,".242",".392",".290","0.682",".206",".350",".295",".269",".260",".145","72.4",20.4,11,7.6,29.2,20,"7",5,14,-5.7,48,33.6,"89.9","19",38.7,6.7,49.3,"100.452753158","94.823214533",33.7,46.5
"Helman, Michael",680737,2025,29,99,110,23,12,5,1,5,21,7,19.1,6.4,".232",".455",".290","0.745",".179",".323",".319",".250",".241",".144","70.1",2.1,8.1,6.3,23.5,18.4,"7.7",7,12,-9.2,74.7,28,"82.7","19.6",24.7,8.6,24.7,"94.505061053","91.595129467",24.1,55.3
"Kwan, Steven",680757,2025,27,625,693,170,129,29,1,11,60,55,8.7,7.9,".272",".374",".330","0.704",".273",".366",".310",".310",".334",".093","63.7",0.8,4.1,3.8,42.5,39.3,"6.3",16,3.2,-2.5,35.3,35.6,"86.2","15.6",39.7,1.9,19.3,"94.357794321","91.185631109",8.7,41.9
"Duran, Jarren",680776,2025,28,620,696,159,89,41,13,16,169,60,24.3,8.6,".256",".442",".332","0.774",".248",".410",".335",".326",".327",".162","74.8",47.5,19.4,14.2,32,23.4,"7.5",21,5.6,0.2,44.5,26.6,"91.8","12",34.5,9.7,46.8,"103.158389163","96.0558783",29.3,47.2
"Jeffers, Ryan",680777,2025,28,406,464,108,73,26,0,9,91,50,19.6,10.8,".266",".397",".356","0.753",".243",".400",".333",".325",".336",".157","72.3",28.1,16.1,13,34.9,28.3,"7.3",16,9.9,-3.3,54.9,28.6,"89.3","15",33.5,6.3,42.1,"100.809316139","94.578274032",21.1,38.9
"Davis, Henry",680779,2025,25,252,283,42,28,7,0,7,76,18,26.9,6.4,".167",".278",".234","0.512",".213",".389",".229",".293",".279",".176","73.9",39.3,14.2,10.3,26.5,19.3,"7.3",8,8.6,-7.5,55.1,26.3,"88.6","23.3",33,11.5,37.4,"100.464622889","94.376065531",28.9,55.3
"MacIver, Willie",680862,2025,28,102,111,19,11,5,0,3,27,7,24.3,6.3,".186",".324",".252","0.576",".200",".308",".256",".256",".264",".108","70.7",4.9,11.9,9.2,29.4,22.7,"7.4",6,8.9,4.3,54.6,31.4,"88.8","10.2",28,4,37.3,"98.324076053","93.2848816",27.2,54.9
"Gelof, Zack",680869,2025,25,92,101,16,11,3,0,2,46,7,45.5,6.9,".174",".272",".230","0.502",".143",".299",".224",".219",".202",".155","72.1",14.2,11.9,6.8,26.6,15.3,"7.3",3,21.4,0,36.8,34.6,"88.1","15.2",35.4,12.5,47.9,"99.654851667","94.271335532",43.2,51.2
"Donovan, Brendan",680977,2025,28,460,515,132,90,32,0,10,67,42,13,8.2,".287",".422",".353","0.775",".280",".449",".337",".346",".348",".169","69.3",4.8,17.5,15.2,42.3,36.8,"6.8",8,7.9,1.8,49.2,30.4,"89.7","12.2",40.1,8.8,40.9,"99.946562944","94.337995152",13.4,43.8
"Stott, Bryson",681082,2025,27,499,560,128,90,22,3,13,91,54,16.3,9.6,".257",".391",".328","0.719",".247",".393",".315",".313",".320",".146","69.4",5.7,10.5,9,33.6,28.7,"7.2",11,7.5,2.1,51.4,32.8,"87.6","14.9",36,5.1,29.5,"97.625702976","92.873358435",16.7,40.4
"Bride, Jonah",681146,2025,29,112,125,19,17,2,0,0,39,11,31.2,8.8,".170",".188",".248","0.436",".176",".236",".203",".223",".254",".060","68.2",4,8.8,6.7,34.2,26.2,"7.3",8,16.3,-1.7,51.7,30.9,"87.3","11.4",28.4,2.7,28.4,"96.765093784","92.515973243",24.9,33.3
"Cowser, Colton",681297,2025,25,327,360,64,34,14,0,16,128,27,35.6,7.5,".196",".385",".269","0.654",".200",".404",".285",".293",".274",".203","73.6",33.3,16.5,11.2,33,22.5,"7.3",18,16.1,-3.4,45.3,39.1,"90.9","13.8",32.7,14.1,46,"101.565652323","95.12341401",34.6,42.4
"O'Hoppe, Logan",681351,2025,25,423,451,90,62,8,1,19,139,24,30.8,5.3,".213",".371",".258","0.629",".228",".425",".273",".301",".273",".197","72",20.4,17,11.7,34.1,23.4,"7.6",17,15.7,-3.7,52.2,32.9,"90.9","17.3",33.6,13.3,46.9,"101.727337413","95.336562491",32.9,52.2
"Norby, Connor",681393,2025,25,311,337,78,52,17,1,8,90,18,26.7,5.3,".251",".389",".300","0.689",".241",".417",".300",".307",".292",".176","69.3",6.8,11.2,8.2,28.6,21,"7",26,19.7,4.2,37.1,41.4,"88.3","15.9",42,9.4,37.1,"98.764348839","93.549892377",29.3,54.2
"Baldwin, Brooks",681460,2025,24,300,328,72,45,15,1,11,86,21,26.2,6.4,".240",".407",".290","0.697",".235",".416",".302",".307",".288",".181","70.7",11.1,13.7,10.5,33.4,25.4,"7.1",7,11.2,2.9,59.2,30,"90.4","14.8",36.8,10.9,40.9,"100.405509245","94.668835355",24.6,53.2
"Carpenter, Kerry",681481,2025,27,433,464,109,60,18,5,26,106,18,22.8,3.9,".252",".497",".291","0.788",".252",".493",".335",".335",".294",".241","71.9",18.2,16.4,12.5,38.3,29.3,"7.5",22,17,-0.4,48.8,34.8,"91.4","21",37.4,12.6,46.8,"101.150892761","95.204968523",26.2,52.9
"Gasper, Mickey",681508,2025,29,95,110,15,12,1,0,2,20,10,18.2,9.1,".158",".232",".257","0.489",".167",".241",".229",".236",".265",".074","70.6",7.8,9.5,7.8,37.3,30.5,"6.5",5,9.3,-4.9,57.1,26.9,"87.8","19.4",16.9,1.3,31.2,"97.650921842","93.035443421",18.5,39.5
"Outman, James",681546,2025,28,134,148,18,6,5,1,6,63,12,42.6,8.1,".134",".321",".216","0.537",".158",".372",".237",".265",".238",".214","72.6",26.9,13.1,8.4,24.4,15.7,"7.8",10,17.7,-5.4,47,37.5,"88","18",28.2,16.9,39.4,"100.988622","94.538542857",40.4,47.4
"Pages, Andy",681624,2025,24,581,624,158,103,27,1,27,135,29,21.6,4.6,".272",".461",".313","0.774",".258",".428",".332",".316",".301",".170","72.6",21.5,12.7,10.3,29.3,23.8,"7.9",31,7.8,-4,48.3,40.6,"88.6","16.9",38.9,8.4,37.2,"99.313461778","93.746068218",21.5,53.1
"Hernández, Heriberto",681715,2025,25,256,294,68,45,12,1,10,77,31,26.2,10.5,".266",".438",".347","0.785",".245",".435",".341",".334",".331",".190","73.4",37.4,18.6,12.5,35.2,23.6,"7.7",15,15.6,-0.9,55.8,30,"90.2","14.2",29,11,45.4,"101.299416264","95.054874807",35.2,45.2
"Fry, David",681807,2025,29,146,157,25,13,4,0,8,58,9,36.9,5.7,".171",".363",".229","0.592",".135",".256",".258",".202",".195",".122","70.4",7.2,9.3,6.5,28.9,20.3,"7.9",7,15.3,-5.5,64.9,31.1,"88.7","23",23.9,9.1,39.8,"99.144653488","93.742049535",32.6,52.6
"Capra, Vinny",681962,2025,28,96,105,12,9,2,0,1,25,3,23.8,2.9,".125",".177",".157","0.334",".178",".256",".150",".211",".214",".078","68.5",1.4,11.1,8.5,43.5,33.1,"7.2",4,11.6,-5.7,52.8,33.7,"85.9","11.2",26.3,2.7,32.9,"96.857216667","92.522860282",24.5,44.8
"Schneemann, Daniel",682177,2025,28,379,422,78,47,18,1,12,117,38,27.7,9,".206",".354",".283","0.637",".215",".387",".280",".297",".291",".173","70.9",12,14.6,10.6,34,24.7,"7",26,14,3.1,50.3,34.9,"88.9","10.9",32.6,11.5,41.7,"99.967612231","94.233244324",29.6,45.4
"Marte, Noelvi",682622,2025,23,339,360,89,56,17,2,14,85,16,23.6,4.4,".263",".448",".300","0.748",".245",".418",".321",".304",".285",".173","73.3",33.2,15.7,11.7,32.5,24.4,"7.4",15,9.7,-4.3,62.3,31,"88.5","12.7",32,9.1,36.3,"99.982802857","94.081349283",27.1,51.8
"Alvarez, Francisco",682626,2025,23,246,277,63,39,12,1,11,73,27,26.4,9.7,".256",".447",".339","0.786",".229",".437",".343",".326",".315",".208","74",40.8,22,14.9,37.7,25.6,"7.2",11,7.7,3.2,50.1,29.9,"93.1","9.6",32.4,12.1,54.3,"103.450256092","96.632659422",34.6,45.8
"Matos, Luis",682641,2025,23,172,184,38,20,9,1,8,27,11,14.7,6,".221",".424",".266","0.690",".219",".368",".296",".274",".264",".149","72",22.6,12.2,10.2,34,28.3,"7.3",9,7.1,-6.5,57.3,26.9,"88","14.1",33.6,7.5,37.7,"98.432457397","93.368412329",20.1,51.4
"Bernabel, Warming",682653,2025,23,139,146,35,22,8,1,4,25,7,17.1,4.8,".252",".410",".288","0.698",".247",".337",".301",".273",".283",".090","69.2",5.1,9.3,7.5,30.4,24.4,"7.6",2,4.3,-17.4,38.6,33.8,"85.4","13.2",34.2,2.6,32.5,"97.004497018","92.502248509",20.8,55.4
"Martínez, Angel",682657,2025,23,446,484,100,64,23,2,11,110,23,22.7,4.8,".224",".359",".269","0.628",".215",".313",".274",".255",".262",".099","70.2",10.8,9.5,7.5,30.9,24.2,"7.4",7,12.4,-7,56,33.8,"87.1","18.4",32.2,3.5,29.3,"97.037956154","92.536116469",21.4,54.4
"Ramírez, Agustín",682663,2025,23,537,585,124,69,33,1,21,113,36,19.3,6.2,".231",".413",".287","0.700",".259",".457",".302",".332",".315",".198","75.2",55.4,21.6,16.4,32,24.3,"7.5",19,7.3,-2.9,53.2,25.2,"90.8","8.3",31.1,11,47,"103.943810657","96.283585728",25.5,49.9
"Acuña, Luisangel",682668,2025,23,175,193,41,34,7,0,0,37,13,19.2,6.7,".234",".274",".293","0.567",".235",".299",".258",".271",".296",".063","70.7",17.5,13.9,10.9,34.5,27,"7.3",6,3.4,4.8,41.8,25.3,"87.9","3.4",29.8,1.4,35.5,"99.435407273","93.76929803",22.3,49.1
"Clase, Jonatan",682729,2025,23,100,112,21,16,3,0,2,28,10,25,8.9,".210",".300",".288","0.588",".217",".341",".267",".284",".295",".124","71.8",21.9,12.1,8.9,28.2,20.7,"6.7",4,7,-1.8,46.2,32.3,"86","17.4",21.9,6.9,35.6,"98.503751471","93.279422647",27.1,47.2
"De La Cruz, Elly",682829,2025,23,629,699,166,106,31,7,22,181,67,25.9,9.6,".264",".440",".336","0.776",".251",".424",".333",".322",".325",".173","74.5",45,20.4,14.1,34.4,23.8,"7.2",32,8.3,-0.3,49.5,33.7,"91","7.6",32.5,10.3,44.2,"102.291176726","95.4641937",31.7,45.7
"Abrams, CJ",682928,2025,24,580,635,149,90,35,5,19,125,37,19.7,5.8,".257",".433",".315","0.748",".245",".401",".324",".309",".305",".156","72.4",25.5,13.8,10.6,31.4,24.3,"7.6",28,10.9,-3.8,59,27.3,"88.7","13.3",34.4,7.6,39.2,"99.528390349","93.868025131",24.4,50.6
"Greene, Riley",682985,2025,24,600,655,155,87,31,1,36,201,46,30.7,7,".258",".493",".313","0.806",".239",".494",".343",".335",".296",".255","75.6",57.2,15.1,10.4,24.6,17,"7.3",6,13.9,1.2,43.6,44.6,"89.9","15",36.9,17.1,45.5,"102.573683564","95.50996453",30.9,52.6
"Locklear, Tyler",682988,2025,24,103,116,18,15,0,0,3,43,10,37.1,8.6,".175",".262",".267","0.529",".172",".287",".245",".252",".265",".115","71.5",16.3,13.3,9.6,23.3,16.8,"7.2",14,12.6,1.4,48.6,34,"87.9","7",18.3,6.7,41.7,"100.538864667","94.491840333",32.2,48.8
"Carroll, Corbin",682998,2025,24,564,642,146,66,32,17,31,153,67,23.8,10.4,".259",".541",".343","0.884",".262",".529",".371",".372",".348",".267","74.7",45.6,19.4,14.9,30.4,23.3,"7.3",20,11,-3.3,68.4,25.7,"92.1","16.7",33.5,14.5,49.9,"103.729438309","96.452659346",24.8,48.9
"Henderson, Gunnar",683002,2025,24,577,651,158,102,34,5,17,137,62,21,9.5,".274",".438",".349","0.787",".276",".425",".339",".341",".354",".149","75.3",53.4,20.3,15.7,32.4,25.1,"7.3",21,8.5,1,51,29,"92.1","9.5",29.9,8.6,49.2,"102.936564389","96.031023084",25.1,47.6
"Volpe, Anthony",683011,2025,24,539,596,114,59,32,4,19,150,43,25.2,7.2,".212",".391",".272","0.663",".223",".405",".286",".301",".284",".182","72.6",28.6,15.5,11.8,33.5,25.4,"7.2",11,11,5.6,64.9,31.5,"89.3","12.4",34.6,10.5,41.9,"100.214381212","94.48835443",25.1,45.9
"Baty, Brett",683146,2025,25,393,432,100,67,13,2,18,108,33,25,7.6,".254",".435",".313","0.748",".252",".457",".324",".334",".313",".205","74.8",48.5,17.5,12.8,30.9,22.7,"7.4",16,8.4,3.7,47.6,35.5,"90.7","5.8",32.6,12.9,46.9,"102.670454406","95.715246084",27.3,46.7
"Freeman, Cody",683227,2025,24,114,121,26,19,4,0,3,19,5,15.7,4.1,".228",".342",".258","0.600",".244",".332",".261",".269",".276",".088","67.3",1.5,8.1,7.1,31.8,27.8,"6.6",5,10.3,-2.6,69.7,25.7,"84.9","10.6",33,4.2,25.8,"94.709205208","91.506490842",13.6,45.1
"Vaughn, Andrew",683734,2025,27,406,447,103,67,22,0,14,80,31,17.9,6.9,".254",".411",".307","0.718",".273",".479",".311",".349",".329",".206","70.7",12.2,18.2,14.6,40,31.9,"7.3",11,7.8,-1.8,48.3,29.4,"91.6","13.3",38.4,12,47.7,"101.722005241","95.420312018",21.7,46.9
"Busch, Michael",683737,2025,27,524,592,137,73,25,5,34,139,56,23.5,9.5,".261",".523",".343","0.866",".262",".548",".369",".378",".344",".286","69.6",7,17.4,13.1,38.4,28.9,"7",18,16.3,-1.1,50.4,36.8,"92.2","17",41.1,17.1,47.3,"101.692645959","95.541508831",25.1,46.8
"Koss, Christian",683766,2025,27,174,191,46,34,9,0,3,45,9,23.6,4.7,".264",".368",".309","0.677",".263",".402",".297",".311",".309",".139","69.9",6,13.2,8.9,37.6,25.5,"7.1",6,9,5,57.6,28.2,"86.9","5.5",33.6,6,33.6,"99.009245077","93.592311395",31.6,55
"Frelick, Sal",686217,2025,25,528,594,152,117,20,3,12,80,47,13.5,7.9,".288",".405",".351","0.756",".255",".339",".332",".299",".324",".084","68.2",5.4,7.3,6.5,33.5,29.7,"7.1",13,8.6,-1.8,51.9,28.1,"85.5","12.1",30.7,3.1,27.4,"96.058504215","92.02970778",12.8,44.1
"Pasquantino, Vinnie",686469,2025,27,621,682,164,98,33,1,32,107,49,15.7,7.2,".264",".475",".323","0.798",".259",".463",".340",".334",".319",".205","72.5",26.4,18.2,15.1,36.2,30.1,"7.4",12,9.7,-9.2,55.5,29.4,"90.9","16.3",33.5,10.8,44.7,"101.339574109","95.022747112",18.2,48
"Canzone, Dominic",686527,2025,27,243,269,73,51,11,0,11,59,20,21.9,7.4,".300",".481",".358","0.839",".290",".533",".361",".376",".349",".243","73.1",36.7,18.1,13.7,35.1,26.5,"7.3",11,12.1,-2.5,54.9,32.1,"92.3","10.5",37.4,14.5,49.7,"102.981015914","96.069596505",26.4,51.6
"Collins, Isaac",686555,2025,27,372,441,98,64,22,3,9,93,57,21.1,12.9,".263",".411",".368","0.779",".246",".359",".344",".322",".354",".113","72.7",22.5,14,11.1,30.4,24.2,"6.7",19,4,-2.2,37.2,28.8,"88.8","12.2",34.4,4.9,38.9,"99.896805357","94.13021853",22.5,43.1
"Crews, Dylan",686611,2025,23,293,322,61,41,8,2,10,76,24,23.6,7.5,".208",".352",".280","0.632",".235",".393",".279",".307",".304",".158","73.3",34.2,15.9,11.3,32.1,22.7,"7.2",17,6.6,-1.3,48.2,26.5,"89.7","8.5",26.7,9.8,38.7,"101.064556729","94.842214579",30.7,48.1
"Doyle, Brenton",686668,2025,27,502,538,117,77,23,2,15,138,30,25.7,5.6,".233",".376",".274","0.650",".239",".415",".282",".300",".281",".177","70.8",6.3,15.8,11.5,36.5,26.5,"7.2",24,11.5,0.6,64.6,30.3,"89.9","9.8",33,10.9,44.6,"101.00400956","94.812165962",29.7,50.4
"Massey, Michael",686681,2025,27,262,277,64,52,9,0,3,43,9,15.5,3.2,".244",".313",".268","0.581",".238",".346",".254",".265",".264",".108","70.1",6.9,9.8,8.1,32.9,27.2,"7.2",4,13.4,-6.5,59.7,31.4,"87.5","22.2",35.7,4,33,"97.791403604","92.942590407",18.5,54
"Sogard, Nick",686765,2025,27,96,104,25,17,8,0,0,24,5,23.1,4.8,".260",".344",".317","0.661",".251",".375",".295",".302",".308",".124","67.9",1.4,9,7.5,35.2,29.3,"7.1",4,15.2,-4.7,47.6,32.7,"86","11.6",36.1,5.6,34.7,"97.3260325","92.700836944",20,42.5
"Pagés, Pedro",686780,2025,26,361,389,83,57,15,0,11,107,19,27.5,4.9,".230",".363",".272","0.635",".208",".340",".276",".259",".253",".132","72.6",27.3,12.5,9.2,26.3,19.3,"7.1",18,7.1,-3,41.1,30.4,"88","12.4",32.7,7.4,36.5,"99.396807402","93.764663583",27.7,51.7
"Lee, Brooks",686797,2025,24,487,527,115,83,15,1,16,92,31,17.5,5.9,".236",".370",".285","0.655",".234",".374",".286",".289",".285",".140","69.5",9.4,9.5,7.5,36.3,28.7,"7.2",42,11.3,-4.7,57.8,30.9,"88.6","13.2",30.8,5.8,38.5,"98.1525774","93.309491128",24,49.8
"Baldwin, Drake",686948,2025,24,405,446,111,72,18,2,19,68,38,15.2,8.5,".274",".469",".341","0.810",".272",".480",".351",".353",".339",".208","75.3",56.4,19,15.6,31.2,25.6,"7.2",9,9.4,3.2,48.1,31.7,"91.7","6.5",33.8,11,49.6,"102.167061775","95.60419003",19.5,49.5
"Rushing, Dalton",687221,2025,24,142,155,29,20,5,0,4,58,10,37.4,6.5,".204",".324",".258","0.582",".203",".379",".256",".283",".262",".176","73.1",23.7,17.4,11.4,32.9,21.6,"7.6",8,14,-5.3,57.2,34.2,"90.8","17.2",37.2,14,45.3,"101.944263256","95.275830465",35.7,44.8
"Hernaiz, Darell",687231,2025,23,173,197,40,32,5,1,2,24,17,12.2,8.6,".231",".306",".292","0.598",".255",".351",".266",".305",".321",".095","68.2",2.3,9.2,7.5,34,27.7,"7.1",5,6,0.6,46.3,32.6,"85","6.3",31.4,3.2,30.1,"96.82003961","92.458948824",19.3,50.8
"Neto, Zach",687263,2025,24,502,554,129,73,29,1,26,149,33,26.9,6,".257",".474",".319","0.793",".251",".495",".337",".344",".315",".244","71.4",13.3,18,13.1,36.6,26.6,"7.1",30,18.1,-5.7,48.2,39,"91","17.5",38,14,46.6,"101.775942825","95.420716799",29.1,48.6
"Scott II, Victor",687363,2025,24,398,463,86,65,15,1,5,111,42,24,9.1,".216",".296",".305","0.601",".225",".313",".274",".287",".314",".087","69",6,7.4,5.4,31.7,23.1,"6.4",21,9.7,-1.8,53.5,32.2,"86.1","15.2",36,3.7,26,"96.84561594","92.427137782",26.9,49.1
"Ortiz, Joey",687401,2025,26,470,506,108,82,18,1,7,74,27,14.6,5.3,".230",".317",".276","0.593",".245",".327",".263",".275",".290",".082","72.4",24.4,12.9,10.9,27.5,23.3,"7.5",7,1.7,-1.8,33.3,27.8,"84.9","13.3",27.4,3,32.8,"97.991058051","93.026599357",16,46.8
"Horwitz, Spencer",687462,2025,27,364,411,99,62,26,0,11,73,44,17.8,10.7,".272",".434",".353","0.787",".251",".407",".344",".326",".335",".157","68.5",7.1,8.9,7.4,31.9,26.6,"7",13,9.9,-1.8,44.9,35.9,"87.4","15.6",38.7,8.3,36,"98.063965931","93.094774414",17.8,46.3
"Thomas, Colby",687515,2025,24,120,132,27,16,5,0,6,49,7,37.1,5.3,".225",".417",".267","0.684",".203",".379",".291",".278",".253",".176","74.8",49.2,19.8,13.2,27.2,18.2,"7.7",7,11.6,-5,55.8,28.9,"92.2","21.2",24,13.3,49.3,"104.21021","96.532611757",37.1,57.8
"Gilbert, Drew",687551,2025,24,100,109,19,10,5,1,3,20,7,18.3,6.4,".190",".350",".248","0.598",".209",".331",".260",".266",".268",".123","72.2",18.7,12.1,9.6,29.5,23.5,"7.6",5,5.2,-11.1,44.6,24.4,"86.6","11.3",35.8,4.9,35.8,"98.241752","93.126746875",25.8,45.7
"Beck, Jordan",687597,2025,24,539,588,139,91,27,5,16,174,43,29.6,7.3,".258",".416",".317","0.733",".231",".395",".319",".301",".293",".164","73.2",32.9,13.4,9.3,26.4,18.5,"7.7",8,10.7,-3.3,51.7,32.8,"87.4","12.8",36.9,9.6,38.5,"100.308269611","94.26308585",31.2,47.4
"Beavers, Dylan",687637,2025,23,110,137,25,15,5,1,4,36,26,26.3,19,".227",".400",".375","0.775",".213",".408",".347",".344",".364",".195","72.2",21.6,12.9,10.3,28.4,22.7,"7.4",4,7.9,-4.4,51,39.3,"88.8","21.2",37.3,9.3,28,"98.582665946","93.439117838",23.7,37.1
"Johnston, Troy",687859,2025,28,112,121,31,24,2,1,4,26,8,21.5,6.6,".277",".420",".331","0.751",".270",".458",".328",".338",".325",".187","70.6",5.3,17.9,12.9,36.4,26.3,"7.1",5,11.3,-4.1,54.5,32,"89.6","14.6",39.5,9.4,40.7,"99.962519286","94.165047024",31,51.6
"Encarnacion-Strand, Christian",687952,2025,25,130,137,27,17,4,0,6,32,3,23.4,2.2,".208",".377",".234","0.611",".207",".408",".261",".275",".235",".201","73.6",36.9,18.3,14,31.7,24.2,"7.4",2,15.5,-4,60.6,35.2,"87.9","21",29,9,44,"100.823273","94.4550123",25.8,56.3
"Pauley, Graham",688363,2025,24,161,184,36,22,9,1,4,36,21,19.6,11.4,".224",".366",".311","0.677",".223",".343",".300",".299",".314",".120","69.6",6,10.6,7.8,34.1,25.3,"7.1",13,9.1,-5,55.9,28.5,"86.6","17.3",33.9,5.5,35.4,"97.950822063","92.977433016",26.9,47.6
"Hicks, Liam",689414,2025,26,332,390,82,62,13,1,6,56,43,14.4,11,".247",".346",".346","0.692",".244",".350",".313",".315",".346",".106","67.4",2.6,8.8,7.6,41.3,35.6,"6.7",11,9.1,-1.9,48.7,32.6,"84.6","10.6",39,3.6,27.7,"96.015787174","92.008309275",15.1,37.4
"Ritter, Ryan",690022,2025,24,187,207,45,32,9,3,1,61,10,29.5,4.8,".241",".337",".296","0.633",".211",".276",".280",".248",".270",".066","69.1",6.7,7.1,4.7,26.1,17.2,"6.7",12,10.4,1.1,41,35.2,"85.2","7.4",30.5,1.5,30.5,"96.732699677","92.401848618",35.4,54.1
"Fulford, Braxton",690924,2025,26,108,120,23,15,5,2,1,36,7,30,5.8,".213",".324",".267","0.591",".198",".327",".258",".262",".258",".128","71.6",18.8,14.6,10.4,28.5,20.3,"6.6",8,11,-8.3,53.1,29.2,"87.3","19.8",30.7,5.3,38.7,"100.083468947","94.1395428",30.6,48.8
"Hassell III, Robert",690987,2025,23,197,206,44,32,9,0,3,62,8,30.1,3.9,".223",".315",".257","0.572",".226",".369",".252",".273",".260",".143","68.7",1.8,10.9,7.8,32.6,23.4,"6.9",4,11.8,7.2,56.9,38.1,"88.6","7.2",34.1,8.2,40.7,"99.261806818","93.737415496",28.8,50.9
"Keith, Colt",690993,2025,23,414,468,106,69,22,2,13,102,48,21.8,10.3,".256",".413",".333","0.746",".257",".444",".326",".341",".337",".187","70.7",10,15.2,12,35.6,28.1,"6.8",15,11.8,-2.5,48.8,32.9,"90","13.3",41.1,9.2,43.7,"100.641926329","94.686217184",22.5,44.9
"Soderstrom, Tyler",691016,2025,23,561,624,155,95,34,1,25,141,55,22.6,8.8,".276",".474",".346","0.820",".261",".457",".354",".341",".333",".196","74",37.9,20.8,15.9,33,25.2,"7.5",27,9.6,1.2,50.2,30.6,"91.6","7.9",34.4,11.4,49.8,"103.023677143","96.015814678",25.4,48.9
"Teel, Kyle",691019,2025,23,253,297,69,50,11,0,8,77,37,25.9,12.5,".273",".411",".375","0.786",".237",".416",".349",".337",".345",".179","69.5",10.2,11.9,8.6,32.2,23.2,"6.7",8,11.2,4.7,39.4,38.8,"88.3","14.4",47.8,9.6,37.6,"99.256241023","93.683455455",29.1,44.6
"Walker, Jordan",691023,2025,23,363,396,78,58,13,1,6,126,29,31.8,7.3,".215",".306",".278","0.584",".207",".363",".260",".278",".271",".155","78.1",77.8,20,13.6,26.7,18.1,"8.3",21,6.2,-5.3,47.7,31.4,"92.3","10.3",29,10.9,50,"104.361880756","96.653513613",35.6,49.4
"Winn, Masyn",691026,2025,23,491,537,124,88,27,0,9,102,34,19,6.3,".253",".363",".310","0.673",".240",".347",".297",".286",".298",".107","71.1",17.3,11.7,9.5,31.2,25.4,"7.5",9,5.5,-3.9,43.7,29.1,"88.3","16",31.3,4.8,34.6,"98.797379897","93.446512558",19.6,45.3
"Domínguez, Jasson",691176,2025,22,381,429,98,69,18,1,10,115,41,26.8,9.6,".257",".388",".331","0.719",".237",".370",".316",".306",".316",".133","74.1",38.5,17.3,12.7,29,21.3,"7.8",7,6.5,-3.6,46.4,31.4,"90.6","13",28.9,7,49.6,"102.212663185","95.648499111",27.2,50.4
"Amador, Adael",691182,2025,22,113,128,20,12,7,0,1,27,11,21.1,8.6,".177",".265",".256","0.521",".218",".299",".238",".269",".294",".081","70.6",12.1,8.2,6.6,30.1,24.2,"7.3",4,5.2,-7.7,40.1,29.9,"84.8","15.2",30.3,3.4,24.7,"96.266382195","92.139779878",20.7,47.2
"Caminero, Junior",691406,2025,21,602,653,159,86,28,0,45,125,41,19.1,6.3,".264",".535",".311","0.846",".255",".501",".357",".346",".307",".246","78.5",81.1,22.4,17.2,29.1,22.4,"8.4",21,8,-5.3,59.3,26.2,"92.4","10.7",27.7,14,51.4,"104.467588678","96.871000041",24.7,50.4
"Sanoja, Javier",691594,2025,22,313,342,76,44,22,4,6,41,19,12,5.6,".243",".396",".287","0.683",".251",".342",".294",".282",".296",".090","68.3",3.8,13.2,11.9,41.3,37.2,"7.3",8,2.2,-3,32.3,20.4,"88.5","10.8",31.8,1.8,35,"98.289398881","93.337097491",12.4,46.9
"Crow-Armstrong, Pete",691718,2025,23,591,647,146,74,37,4,31,155,29,24,4.5,".247",".481",".287","0.768",".242",".475",".323",".321",".284",".233","72.7",28.5,14.7,10.8,30.1,22.1,"7.2",24,14.6,-3.5,50.1,34.9,"89.5","20",33.9,13.1,41.6,"100.676597945","94.609790365",28.9,60.1
"Karros, Kyle",691720,2025,22,137,156,31,26,4,0,1,41,15,26.3,9.6,".226",".277",".308","0.585",".206",".262",".268",".258",".293",".055","69.1",2.5,7.1,5.3,27.9,21,"7.1",9,7.4,-7.2,46.1,37.8,"87.9","12.3",25.5,1,33.7,"97.893413061","93.025963711",27.3,45
"Mayo, Coby",691723,2025,23,263,294,57,34,12,0,11,84,27,28.6,9.2,".217",".388",".299","0.687",".202",".363",".303",".289",".287",".160","74.7",47.8,13.8,9.6,25.1,17.4,"7.3",3,10.8,-16.6,45.1,35.6,"87.3","20.7",33,10.1,36,"99.691533371","93.857359663",30.6,45.3
"Muncy, Max",691777,2025,22,206,220,44,28,7,0,9,68,10,30.9,4.5,".214",".379",".259","0.638",".203",".353",".277",".267",".252",".150","73.1",34.2,11.8,8.2,27.2,18.9,"7.3",13,9.3,-5.7,48.8,31.2,"87.1","9.3",33.8,10.1,32.4,"99.591026471","93.796838162",32.6,50.2
"House, Brady",691781,2025,22,261,274,61,46,11,0,4,78,8,28.5,2.9,".234",".322",".252","0.574",".256",".370",".248",".284",".278",".114","72.4",22.2,16.4,11.6,33.6,23.8,"7.5",5,8.5,3.4,48,35.4,"89.8","5.8",36.2,4.3,46.3,"101.278758298","94.962086257",30.9,57.2
"Mayer, Marcelo",691785,2025,22,127,136,29,16,8,1,4,41,8,30.1,5.9,".228",".402",".272","0.674",".210",".348",".290",".263",".255",".138","74.1",40.4,16.5,12.3,28.2,21.1,"7.8",6,7.5,-2.8,43.4,31.9,"90","6.7",35.6,9.2,51.7,"100.981297955","95.035314253",28.6,50.8
"Kayfus, CJ",692216,2025,23,123,138,27,12,10,1,4,38,11,27.5,8,".220",".415",".292","0.707",".242",".427",".306",".322",".314",".185","71.1",13.3,11.3,7.6,34.7,23.1,"6.7",2,11.3,-2,41.3,38,"88.7","16.4",41.4,9.2,36.8,"99.494627442","93.95327186",35.7,53.3
"Campbell, Kristian",692225,2025,23,229,263,51,35,10,0,6,72,29,27.4,11,".223",".345",".319","0.664",".221",".338",".299",".296",".318",".118","73.3",39,17.1,12.8,30.5,22.8,"6.8",10,11.3,8,42.8,34.7,"88.6","4.7",30.4,5.1,41.8,"100.531882308","94.411397756",27.3,42.1
"Fernández, Yanquiel",692585,2025,22,138,147,31,22,5,0,4,44,8,29.9,5.4,".225",".348",".265","0.613",".190",".309",".268",".243",".236",".118","74.5",45.2,12.3,8.6,25.1,17.6,"8",2,10.6,-11.4,55.5,28.6,"88.6","8",31.6,8.5,36.8,"99.730782766","93.889233085",30.7,52.5
"Gonzales, Nick",693304,2025,26,381,408,99,73,18,3,5,73,21,17.9,5.1,".260",".362",".299","0.661",".254",".368",".289",".291",".295",".114","70.5",13.5,13.2,10.2,35.6,27.5,"7.6",24,8.9,-0.1,53.5,33.2,"88.8","9.1",31.7,4.5,38.8,"99.501335385","94.022817942",24.7,57.4
"Dingler, Dillon",693307,2025,26,435,469,121,85,21,2,13,110,23,23.5,4.9,".278",".425",".327","0.752",".290",".475",".326",".351",".339",".185","71.7",14.6,16.8,12.9,33.9,26.1,"7.7",14,10.8,-0.3,49.4,39.8,"90","15.8",42.3,9.2,45.7,"101.112198405","94.948132515",24.8,48.5
"Chourio, Jackson",694192,2025,21,549,589,148,88,35,4,21,121,30,20.5,5.1,".270",".463",".308","0.771",".247",".426",".328",".307",".288",".179","73.9",40,18.7,14.3,34.3,26.3,"7.5",22,7.1,1.4,57.7,26.4,"89.3","10.6",34,9.7,42.3,"101.15634963","94.875813411",26,53.4
"Basallo, Samuel",694212,2025,20,109,118,18,8,6,0,4,30,6,25.4,5.1,".165",".330",".229","0.559",".216",".378",".246",".286",".275",".163","75.5",55.6,18.3,13.1,25.5,18.2,"7.4",4,9.7,-1.6,58.4,30,"89.1","13.8",20.3,8.9,43,"101.75076075","95.101636582",29.4,56
"Tawa, Tim",694374,2025,26,199,225,40,25,8,0,7,64,20,28.4,8.9,".201",".347",".274","0.621",".206",".368",".273",".290",".284",".162","73.1",31,16.5,11.3,30.9,21.2,"7.1",10,11.1,-5.4,54.1,31.8,"89.2","6.8",31.4,9.3,42.1,"100.696969118","94.668478824",32.5,48.4
"Schanuel, Nolan",694384,2025,23,488,564,129,93,23,1,12,71,59,12.6,10.5,".264",".389",".353","0.742",".262",".388",".327",".327",".352",".126","67.5",6.1,9.4,8,37.9,32.4,"6.7",13,8.6,-1,46.2,38.5,"87.5","13.2",38,4.5,29,"96.61346119","92.362165704",15,45.2
"Loperfido, Joey",694388,2025,26,96,104,32,24,4,0,4,27,4,26,3.8,".333",".500",".379","0.879",".266",".407",".381",".316",".316",".141","72",26.6,12.4,9,31,22.6,"7.6",2,15.6,5.8,44.6,37.7,"87.3","11.7",32.9,5.7,37.1,"98.535505294","93.357428824",29.4,53.5
"Carter, Evan",694497,2025,22,194,220,48,32,9,2,5,41,19,18.6,8.6,".247",".392",".336","0.728",".241",".360",".321",".308",".331",".119","70",8.3,13.8,10.5,37.2,28.3,"7.2",8,8.7,-8.3,46.3,32.7,"86.7","13.7",34,5.9,34.6,"98.081147895","93.040980197",25.5,44.3
"Langford, Wyatt",694671,2025,23,489,573,118,70,25,1,22,151,74,26.4,12.9,".241",".431",".344","0.775",".239",".448",".337",".346",".344",".210","73.1",29,17.9,13.4,34.4,25.8,"7",10,16.8,-3.1,48.6,33.7,"91.4","17.5",35.9,14,48.4,"102.369966744","95.79834863",26.3,43
"Wagner, Will",695238,2025,26,129,149,29,22,7,0,0,28,17,18.8,11.4,".225",".279",".324","0.603",".266",".340",".280",".318",".361",".073","69",6.3,9.5,7.4,28,21.7,"6.5",3,4.7,0.5,35.3,31.8,"86.8","9.1",31.4,2,41.2,"98.7454226","93.4040769",22.4,49.5
"Saggese, Thomas",695336,2025,23,275,295,71,52,17,0,2,83,16,28.1,5.4,".258",".342",".299","0.641",".239",".350",".282",".280",".284",".111","69.8",6,13,9.7,32.6,24.2,"6.9",13,7.8,5.5,40.7,37.9,"90.2","12.9",39,5.6,44.1,"99.925035361","94.561153679",26.5,50.3
"Caglianone, Jac",695506,2025,22,210,232,33,19,6,1,7,52,18,22.4,7.8,".157",".295",".237","0.532",".237",".431",".239",".321",".309",".194","77.4",73.5,19.9,15.1,25.9,19.6,"7.6",4,8.5,-4,49.4,28.5,"89.4","4.1",29.7,12,42.4,"102.891404557","95.64711057",26.8,51.3
"Wood, James",695578,2025,22,598,689,153,84,38,0,31,221,85,32.1,12.3,".256",".475",".350","0.825",".259",".493",".353",".361",".354",".233","76",62.7,22.7,15.9,33.6,23.5,"7.7",44,11.1,1.9,41.9,39.7,"94.3","6.3",36.3,16.4,56.3,"106.446259788","98.230447241",32.9,40.2
"Montgomery, Colson",695657,2025,23,255,284,61,30,9,1,21,83,25,29.2,8.8,".239",".529",".311","0.840",".230",".501",".355",".341",".303",".271","77",71.7,17.6,12.3,25.7,18,"7.8",8,11.5,-8.6,52.3,32.8,"89.4","18",35.8,14.5,44.5,"103.036108506","95.789749711",31.5,50.7
"Moore, Christian",695681,2025,22,162,184,32,19,5,1,7,62,19,33.7,10.3,".198",".370",".284","0.654",".203",".345",".288",".282",".289",".142","72.7",29.8,13.8,8.9,27.1,17.5,"7",13,7.8,3.5,52.5,33.2,"88.9","14.6",38.2,6.9,36.3,"100.7636714","94.563016162",36.9,47.4
"Lile, Daylen",695734,2025,22,321,351,96,61,15,11,9,56,21,16,6,".299",".498",".347","0.845",".302",".449",".360",".348",".350",".146","69.2",3.2,11.4,9.3,34.6,28.4,"7.1",8,9.4,-1.2,51.1,37.9,"88.9","15",44.2,5.2,40.1,"99.156241493","93.671687761",18.9,52.2
"Osuna, Alejandro",696030,2025,22,151,176,32,26,4,0,2,34,21,19.3,11.9,".212",".278",".313","0.591",".271",".390",".270",".338",".368",".119","71.2",16.4,14.8,11.9,28.4,22.7,"7",0,4.7,5.1,41.6,29.9,"88.9","12",34.5,6,37,"100.229705172","94.226966293",19.6,44.2
"Goodman, Hunter",696100,2025,25,540,579,150,86,28,5,31,152,33,26.3,5.7,".278",".520",".323","0.843",".244",".466",".359",".324",".292",".221","74.4",42.7,16.3,11.5,30.9,21.7,"7.3",27,13.4,-7.2,61.1,25.2,"90.8","17.3",32.8,12.9,46.9,"102.599968608","95.758645633",32,55
"Young, Jacob",696285,2025,25,324,364,75,62,10,1,2,65,27,17.9,7.4,".231",".287",".296","0.583",".262",".336",".264",".297",".324",".074","68.3",1.6,11.1,9.3,39.8,33.5,"7.1",12,6,3.9,50.4,31.1,"87.6","3.8",27.9,1.9,34.2,"98.260470403","93.325113441",17.4,43.7
"Sweeney, Trey",700242,2025,25,296,326,58,44,6,2,6,92,26,28.2,8,".196",".291",".258","0.549",".191",".295",".245",".245",".254",".104","73.6",29.1,13.4,9.8,26.8,19.7,"7.5",12,8.2,-3.2,56.2,26.6,"87.9","11.9",28.8,6.8,35.1,"98.832125049","93.46450932",28,51
"Williams, Carson",700246,2025,22,99,106,17,9,3,0,5,44,6,41.5,5.7,".172",".354",".219","0.573",".169",".313",".248",".233",".217",".144","73.6",33.1,9.2,5.6,21.1,12.9,"7.6",3,15.3,-2.7,50,34.1,"85.9","8",30.4,8.9,35.7,"97.9481525","93.165114909",38.3,49.6
"Rice, Ben",700250,2025,26,467,530,119,61,28,4,26,100,50,18.9,9.4,".255",".499",".337","0.836",".280",".553",".358",".391",".362",".273","73.4",34.5,24,19.4,38.6,31.2,"7.4",15,10.6,-6,56.8,33.2,"93.3","14.2",39.3,15.4,56.1,"104.138238152","97.178139076",21.2,43.3
"Quero, Edgar",700337,2025,22,365,403,98,76,17,0,5,71,32,17.6,7.9,".268",".356",".333","0.689",".236",".346",".307",".290",".304",".110","67.5",1.4,15,11.9,43.3,34.4,"6.7",5,6,9.5,52.2,31.5,"90.4","6.8",35.1,3.7,46.3,"99.759928311","94.349440405",21,46.4
"Manzardo, Kyle",700932,2025,24,470,531,110,62,19,2,27,135,48,25.4,9,".234",".455",".313","0.768",".224",".443",".329",".322",".305",".220","70.6",8,14.2,10.4,35.7,26.1,"7.4",20,17.3,-0.6,52.2,37,"90.3","21.3",37.1,11.8,43.8,"100.114470588","94.531639086",27.7,48.4
"Dezenzo, Zach",701305,2025,25,98,109,24,16,6,0,2,37,11,33.9,10.1,".245",".367",".321","0.688",".225",".426",".306",".316",".303",".201","73.5",29.1,16.9,11.6,24.6,16.9,"7.6",4,13.8,1,47.6,39.7,"89.3","17.5",42.6,16.4,41,"100.586424839","94.450580984",33.5,44.2
"Anthony, Roman",701350,2025,21,257,303,75,48,18,1,8,84,40,27.7,13.2,".292",".463",".396","0.859",".258",".484",".376",".372",".369",".226","75.1",52.5,22.3,16.1,37,26.7,"7.4",18,10.6,-1.3,52.8,30.1,"94.5","6.9",37.4,15.6,60.3,"103.89544954","97.546625838",29.8,37.4
"Smith, Cam",701358,2025,22,441,493,104,71,21,3,9,137,43,27.8,8.7,".236",".358",".312","0.670",".235",".376",".298",".304",".312",".141","74.5",46.9,14.5,10.5,25.5,18.4,"7.3",16,7.5,-1.2,39.3,38.1,"87.9","8.9",34.6,6.9,40.8,"100.519229085","94.330406111",28.7,48.4
"Merrill, Jackson",701538,2025,22,440,483,116,69,25,6,16,108,33,22.4,6.8,".264",".457",".317","0.774",".263",".490",".331",".347",".319",".227","72",19.9,15.3,11.2,30.3,22.2,"7.4",17,9.8,1.1,47.8,37.5,"89.7","15.2",42.6,13,42.9,"100.742734371","94.664461796",27.1,58.4
"Kurtz, Nick",701762,2025,22,420,489,122,58,26,2,36,151,63,30.9,12.9,".290",".619",".383","1.002",".245",".537",".419",".372",".345",".292","77.2",72.7,22.2,14.8,29.4,19.6,"7.7",18,14.2,1.8,48.1,39.1,"92.7","15.3",39,18.5,51.1,"104.041792059","96.828915978",35.5,43.1
"Roden, Alan",702176,2025,25,136,153,26,17,6,1,2,37,8,24.2,5.2,".191",".294",".261","0.555",".176",".242",".249",".227",".249",".066","70.1",12.5,11.2,8.5,35.9,27.2,"7.2",4,9.8,-5.5,45.1,27,"86.4","2.3",20.6,2,30.4,"97.826416863","92.978674653",23.8,47.2
"Young, Cole",702284,2025,21,223,257,47,35,7,1,4,47,28,18.3,10.9,".211",".305",".302","0.607",".224",".355",".274",".297",".314",".131","71.4",21.6,11.5,8.6,33.1,24.9,"6.8",6,7.6,1,52.8,28.1,"87.6","17.2",33.3,5.6,31.1,"97.99473618","93.043937232",24.6,44.5
"Durbin, Caleb",702332,2025,25,445,506,114,78,25,0,11,50,30,9.9,5.9,".256",".387",".334","0.721",".255",".362",".319",".312",".333",".107","67.9",1.9,7.9,7.2,37,33.3,"6.8",21,8,-4,63.7,27.6,"85.2","13.9",29.6,4,26.9,"96.100902887","92.05425549",13,44.5
"Holliday, Jackson",702616,2025,21,586,649,142,101,21,3,17,140,56,21.6,8.6,".242",".375",".314","0.689",".241",".404",".304",".314",".313",".163","70.6",10.7,15,11.6,35.1,27.2,"6.9",21,8.3,5.6,52.8,31.9,"88.8","8.9",32.4,7.8,40.8,"99.642935225","94.03038741",24.5,47.1
"Simpson, Chandler",802415,2025,24,414,441,122,104,15,3,0,43,20,9.8,4.5,".295",".345",".326","0.671",".295",".336",".296",".297",".328",".041","64.2",0.3,2.2,2,42,37.6,"6.3",5,3.5,6.9,39.2,30.2,"84.3","0.5",29.8,0,17.3,"93.5904715","90.810575972",11.5,48.6
"Kemp, Otto",805249,2025,25,197,218,46,27,11,0,8,67,12,30.7,5.5,".234",".411",".298","0.709",".231",".418",".308",".310",".296",".187","72.7",26.3,15.4,10.4,32.1,21.6,"7.5",11,11.7,-7.7,46,34.7,"89.9","11.5",38.6,12.1,44.7,"100.840276818","94.728175344",34.3,51.3
"Marsee, Jakob",805300,2025,24,209,234,61,35,18,3,5,48,22,20.5,9.4,".292",".478",".363","0.841",".275",".442",".363",".347",".350",".168","70.5",3.9,18.3,14.9,36.3,29.6,"6.8",3,5.3,-2.2,43.3,33.3,"88.9","10.9",38.9,8.1,41.4,"100.197952716","94.371443168",19.5,43.1
"Meidroth, Chase",805367,2025,23,450,505,114,94,15,0,5,72,45,14.3,8.9,".253",".320",".329","0.649",".254",".333",".294",".300",".330",".080","67.4",1.6,12,10.7,44.1,39.3,"6.7",12,6.7,2.1,48.7,29.4,"88.2","6.7",26.2,1.6,36.1,"97.686781436","92.976040347",13,38.6
"Alvarez Jr., Nacho",805373,2025,22,188,208,44,30,12,0,2,49,12,23.6,5.8,".234",".330",".296","0.626",".228",".308",".279",".270",".291",".080","67.7",3.8,6.5,5.1,31.6,24.9,"7.5",9,6.2,0,42.3,30.4,"84.9","17.8",33.1,1.4,26.8,"95.360603857","91.727261",22.2,43
"Wilson, Jacob",805779,2025,23,486,523,151,112,26,0,13,39,27,7.5,5.2,".311",".444",".355","0.799",".277",".364",".348",".304",".324",".087","63.9",0.3,4,3.6,41.4,37.5,"6.1",9,2.8,-1.1,36.4,35.2,"84.6","8.8",32.2,2.2,24.7,"95.136633108","91.576810226",9.6,49.9
"Keaschall, Luke",807712,2025,22,182,207,55,37,14,0,4,29,19,14,9.2,".302",".445",".382","0.827",".263",".378",".363",".324",".347",".116","66.9",2.2,9.9,8.5,40.9,34.9,"6.4",17,8.1,-1.1,50,35.6,"86.2","10.5",38.3,5.2,31.2,"97.107228701","92.654308562",18.5,42
"Shaw, Matt",807713,2025,23,393,437,89,52,21,3,13,94,38,21.5,8.7,".226",".394",".295","0.689",".237",".375",".300",".302",".307",".138","69.6",11.5,10.2,8.1,28.2,22.5,"7",18,11,-1.9,65.4,26.8,"84.9","13.4",35.3,7,29.4,"96.793366467","92.432072809",22.5,48
"Yoshida, Masataka",807799,2025,31,188,205,50,35,11,0,4,24,10,11.7,4.9,".266",".388",".307","0.695",".270",".384",".302",".314",".317",".115","71.9",21.4,20.1,17.5,46.6,40.7,"7.4",4,10,-1.7,51.9,32.8,"90.2","5.7",29.2,6.6,44,"100.498389286","94.589775269",15.4,44.5
"Kim, Hyeseong",808975,2025,26,161,170,45,35,6,1,3,52,7,30.6,4.1,".280",".385",".314","0.699",".221",".309",".306",".251",".258",".087","67.3",2.4,5.7,4.1,34.9,24.9,"7.1",8,10.2,0,38.1,41.6,"86","7",39.1,2.7,28.2,"95.688711273","91.889763486",31.4,50.6
"Lee, Jung Hoo",808982,2025,26,560,617,149,98,31,12,8,71,47,11.5,7.6,".266",".407",".327","0.734",".277",".385",".320",".321",".339",".108","68.3",2.7,10.8,9.4,39.8,34.9,"7.5",6,5.2,-4.6,40.9,39.4,"87.1","9.9",34.1,3.7,32,"97.154749061","92.638543988",13.1,44.7
"Williamson, Ben",810938,2025,24,277,295,70,56,13,0,1,64,15,21.7,5.1,".253",".310",".294","0.604",".241",".322",".269",".269",".283",".081","69.7",7.9,13.6,10.8,30.5,24.2,"6.9",13,2.5,5.8,32.4,32.9,"88.3","3.1",23.3,3.3,40.5,"99.548201226","93.912783555",21.9,48.1